Date,Age,Sex,Rank,Press,URL,Title,Main Article
20210123,20대,여성,1,이데일리,https://v.daum.net/v/20210123115156202,"""마지막일지도 몰라""..'코로나 감염' 커플, 중환자실서 결혼식"," 
         
           [이데일리 장구슬 기자] 영국에서 신종 코로나바이러스 감염증(코로나19)에 감염된 한 커플이 ‘마지막 기회일지도 모른다’는 의료진 말에 병원 중환자실에서 결혼식을 올렸다.
          
           
           
            영국에서 코로나19에 감염된 한 커플이 ‘마지막 기회일지도 모른다’는 의료진 말에 병원 중환자실에서 결혼식을 올렸다. (사진=YTN 뉴스화면 캡처)
           
          
          
           23일 YTN 보도에 따르면 영국 잉글랜드 한 대학병원의 입원실에서 한 커플이 결혼식을 올렸다. 
          
          신부인 리지 커와 신랑 사이먼 오브라이언은 방송에서 두 손을 꼭 붙잡고 있었다.
          오는 6월 결혼식을 앞둔 이들은 얼마 전 코로나19 양성 반응이 나온 뒤 며칠 만에 구급차에 실려 병원으로 이송돼 입원했다.
          이들의 결혼 계획을 알게 된 의료진은 “마지막 기회일 수 있다”라며 이들에게 병원 내 결혼식을 제안했다. 
          리지 커는 “의료진이 마지막 기회일 수 있다며 병원 내 결혼식에 대한 의향을 물었다”며 “정말 다시 듣고 싶지는 않은 말이었다”고 말했다.
          의료진의 제안에 결심이 선 리지 커와 사이먼 오브라이언은 병원 측과 촌각을 다투며 예식 준비를 서둘렀다.
          하지만 그사이 예비 신랑 오브라이언의 상태가 급격히 악화되며 중환자실로 옮겨졌다. 
          결국 결혼식은 중환자실에서 각자 산소 호흡기를 쓴 채로 치러졌다. 결혼식을 결심한 뒤 불과 4시간 만의 일이었다.
          가까스로 예식을 마친 신랑 오브라이언은 산소호흡기에 의지한 채 첫 밤을 보냈다.
          다행히 오브라이언의 상태는 빨리 호전됐고, 며칠 뒤 이 신혼부부는 남편과 아내로서 첫 입맞춤을 할 수 있었다.
          오브라이언은 “리지가 너무나 보고 싶어 중환자실을 꼭 나오고 싶었고, 그래서 최선을 다해 싸웠다”라며 “마침내 해냈다”라고 전했다.
          한편 이날 영국의 코로나19 일일 신규 확진자는 4만261명이며, 신규 사망자는 1401명으로 집계됐다. 누적 확진자와 사망자는 각각 358만3907명과 9만5981명으로 늘어났다.
          장구슬 (guseul@edaily.co.kr) 
          
        "
20210123,20대,여성,2,이데일리,https://v.daum.net/v/20210123151156788,"버스 문에 롱패딩 끼어 사망..""버스기사 난폭운전 막아달라"""," 
         
           [이데일리 장구슬 기자] 시내버스에서 하차하던 승객의 겉옷이 버스 뒷문에 끼어 해당 승객이 그 자리에서 숨지는 사고가 발생한 가운데 “버스 기사의 난폭 운전을 막아달라”는 청와대 국민청원이 등장했다.
          
           
           
            버스기사의 난폭 운전을 막아달라는 청와대 국민청원이 등장했다. (사진=국민청원 홈페이지 캡처)
           
          
          
           지난 21일 한 청원인은 청와대 국민청원 게시판에 “버스기사들의 난폭운전을 막아주세요”라는 제목의 청원글을 올렸다.
          
          청원인은 지난해 12월 경남 진주에서 한 여고생이 버스에 탑승한 후 급출발과 함께 타 차량의 칼 치기로 인해 전신마비가 된 사건, 퇴근길 버스에서 내리던 여성 승객의 롱패딩이 옷자락이 뒷문에 끼어 사망한 사건 등을 언급했다.
          그는 “버스에 탄 승객이 손잡이를 잡고, 의자에 앉을 때까지 출발하지 않는 것, 승객들이 하차할 시에 문이 열림과 동시에 닫는 버튼을 누르지 않는 것. 적어도 이 두 가지 교통법안만 제정돼 시행된다면 현재보다 버스 사고가 훨씬 더 줄어 드리라 생각한다”고 말했다.
          그러면서 “급출발하지 않기, 정차 후 하차, 하차한 승객 확인 후 출발. 세 가지 버스 문화로 더 이상의 안타까운 피해자가 나오지 않길 바란다”고 덧붙였다.
          해당 청원 글엔 23일 오후 2시30분 기준 9000여 명이 넘는 사람들이 동의했다.
          한편 지난 19일 오후 8시30분께 경기 파주시 법원읍의 한 초등학교 인근 도로에서 20대 여성 A씨가 시내버스에서 하차하던 중 뒷문에 롱패딩이 끼어 그 자리에서 숨지는 사고가 발생했다.
          목격자 등에 따르면 버스기사는 A씨의 옷이 끼인 사실을 모르고 그대로 출발했고, A씨가 끌려가 넘어지면서 사고가 났다. 구조대원들이 출동했을 당시 A씨는 크게 다쳐 이미 현장에서 숨진 상태로 알려졌다.
          이 사건과 관련 경찰 관계자는 버스기사 과실 등 정확한 사고경위를 인근 폐쇄회로(CC) TV 확인 등을 통해 조사 중이다.
          장구슬 (guseul@edaily.co.kr) 
          
        "
20210123,20대,여성,3,매일경제,https://v.daum.net/v/20210123095400898,"[단독] 인터파크, 70분만에 '100억' 잭팟..억눌린 여행수요 또 터졌다"," 
         
          
           
           
            베트남 다낭의 대표 여행포인트인 골든 브릿지. [사진 = 인터파크투어]
           
          
          
            '1분당 1억4500만원 매출'
          
          코로나19 폭격을 뚫고 억눌린 여행수요가 또 폭발했다. 작년 2월부터 시작된 코로나 시대 이후 첫 홈쇼핑 판매 도전에 나선 인터파크투어가 방송 러닝타임 70분간 '예상 매출액' 100억원을 찍는 잭팟을 터뜨렸다.
          23일 관련업계에 따르면 인터파크투어는 지난 22일 밤 11시30분 부터 70분간 진행된 롯데홈쇼핑 여행상품 판매 방송에서 20만원대의 파격 조건을 내건 베트남 노보텔 3박 숙박 상품으로만 15억의 매출 실적을 달성한 것으로 확인됐다.
          순수 숙박을 통한 실적만 계산한 것으로, 항공을 포함 부대 비용까지 합산한 기타 비용을 추가하면 총 예상매출액은 100억원 이상에 달한다.
          단순 계산하면 1분당 무려 1억4500만원에 달하는 매출 실적을 거둔 셈이다.
          특히 송출 예상인원은 상상을 초월한다. 코로나 직후 첫 정상영업에 나서며 여행상품을 판매했던 참좋은 여행의 경우, 정상 영업 첫 날 6000여명의 여행족이 몰렸는데, 인터파크투어는 단 70분간 방송으로 송출 여행 인원 1만5000명을 예상하고 있다. 특히 가족들까지 포함될 경우 여행 예상인원은 2만명을 넘어설 것으로 관측된다.
          방송 타이틀 '다시, 설렘'으로 시작된 이날 홈쇼핑에는 베트남 다낭, 푸꾸옥 5성급 노보텔(호텔형 및 리조트형, 노보텔 다낭 프리미어 한 리버, 노보텔 푸꾸옥 리조트) 3박 숙박 상품이 선을 보였는데 3박에 28만9000원, 옵션 포함 1박 기준 9만원대로 업계 최저가(최저가 보장) 조건이 내걸렸다. 해당 여행상품은 공식적으로 해외여행 가능한 시점(양국 간 자가격리 해체 후)부터 1년간 이용 가능하다.
          특히 방송 후 한달내 100% 환불과 함께 코로나 19 확산으로 여행이 취소될 경우 국내 호텔(JK블라썸호텔, 골든튤립해운대호텔&스위트, 비스타케이호텔 월드컵 등) 숙박으로 변경이 가능하고 타인 양도까지 되는 파격 조건이 보장되면서 방송 초반부터 주문 콜도 폭주했다.
          코로나로 억눌린 여행 보복 심리까지 더해지면서 피크 타임에는 10분씩 주문 콜이 지연되기도 했고 여행상품으로는 전례가 없이 '레드사인(주문 콜 폭주 비상신호)'이 켜지기도 했다.
          박선미 인터파크투어 홍보팀 대리는 ""코로나 이후 홈쇼핑에 여행상품이 등장한 것도 처음이지만, 레드사인이 켜진 것도 전례가 없는 일""이라며 ""코로나19 시기임을 감안해 조심스럽게 다양한 채널을 통해 안전한 여행상품을 선보일 계획이다""고 말했다.
          [신익수 여행전문기자]
          
        "
20210123,20대,여성,4,아이뉴스24,https://v.daum.net/v/20210123190659151,"""85세 할머니 성폭행에도 무혐의""..법 바꿔 처벌하라 '국민청원'"," 
         
          
           
           
            '궁금한 이야기 Y' [SBS 방송 캡처]
           
          
           [아이뉴스24 정상호 기자] SBS 시사프로그램 ‘궁금한 이야기 Y’가 마을 이장에게 성폭행을 당한 85세 노인의 사연을 방송한 후 관련 법을 바꿔달라는 국민청원이 올라왔다. 지난 22일 방송된 '궁금한 이야기 Y'에서는 85세 할머니가 마을이장에게 지속적으로 성추행 및 성폭행을 당한 사건이 소개됐다.
          할머니는 오래전부터 앓던 질환과 수술로 인해 팔이 아파 박 씨의 추행을 막지 못했다. 무기력한 할머니를 두고 이장은 ""노인네가 남자가 그립다고 했다""며 ""돈을 노린 것""이라고 주장했다.
          사건은 불기소 무혐의로 처리됐으며 피해자인 할머니는 60여년간 살았던 정든 마을을 떠날 것으로 알려졌다.
          해당 방송 이후 이장의 죄를 처벌해 달라는 국민청원까지 등장했다.
          청원인은 ""시골마을 27가구 할머니의 악몽 김순임(가명) 할머니가 당하셨던 일을 단순히 피해자가 저항 하지 않았다는 이유만으로 정황상 증거가 아닌 명백한 cctv로 남겨진 사실적 증거와, 가해자가 직접 자필로 작성한 각서를 증거로 인정하지 않고 불기소 무혐의 처분한 법의 제도를 개선 시켜 달라""고 주장했다.
          이어 ""신장 질환이 심각해져 큰 수술까지 받고, 아직까지 주기적으로 투석을 받고 있는 아픈 몸 상태의 노령 환자를 제 마음대로 짓밟고, 본인이 저지를 일을 다 시인하고 인정하고 각서까지 썼는데 이게 어떻게 무혐의 처분으로 법의 심판을 받지 않을 수 있는건가요? 검,경찰, 재판의 결과를 내린 판사님도 본인의 어머니가 저런 일을 당해도 똑같은 결과를 낼 수 있을까""라며 """"제발 다시 재수사 하고, 할머님의 번복되지 않은 일관된 진술을 재검토 해서 꼭 처벌 받게 해달라""고 강조했다.
          23일 현재 이 청원문은 1만825명의 동의를 얻은 상태다.
          이하 청원글 전문
          ""85세 할머니가 당한 성폭행, 성추행을 불기소 무혐의 처분한 법을 바꿔 주세요궁금한 xx기 y 529회차에 방영 됐던 시골마을 27가구 할머니의 악몽 김순임(가명) 할머니가 당하셨던 일을 단순히 피해자가 저항 하지 않았다는 이유만으로 정황상 증거가 아닌 명백한 cctv로 남겨진 사실적 증거와, 가해자가 직접 자필로 작성한 각서를 증거로 인정하지 않고 불기소 무혐의 처분한 법의 제도를 개선 시켜 주세요.
          신장 질환이 심각해져 큰 수술까지 받고, 아직까지 주기적으로 투석을 받고 있는 아픈 몸 상태의 노령 환자를 제 마음대로 짓밟고, 본인이 저지를 일을 다 시인하고 인정하고 각서까지 썼는데 이게 어떻게 무혐의 처분으로 법의 심판을 받지 않을 수 있는건가요? 검,경찰, 재판의 결과를 내린 판사님도 본인의 어머니가 저런 일을 당해도 똑같은 결과를 낼 수 있을까요?제발 다시 재수사 하고, 할머님의 번복되지 않은 일관된 진술을 재검토 해서 꼭 처벌 받게 해주세요..
          5년동안 지속적으로 당해와서 무기력해진 피해자를 구제 해 주지 못하는 법의 허술함이 너무 안타깝고 답답합니다.
          연세 드신분이 진술하는 과정에서 따님분이 도와주려고 강력하게 어필하라고 했던 부분이 진술을 오염시켰다는 이유 하나만으로 무혐의 처분은 정말 너무 하지 않은가요? 무혐의 처분 받은 이장이나 이장 마누라나 xx 한번 만졌을 뿐인데, 나이먹은 여자가 외로워서 자기를 유혹했다, 그러고선 1억을 요구 한다. 돈을 뜯어내려는 수작이다 라고 동네방네 소문내고 다닌답니다... 혈액 투석을 해서 팔에 힘이 없어서 가해자를 힘껏 밀쳐내지 못한 피해자를 그런식으로 보호 해 주지 못 하는 법은 아마 이런 피해자가 또 발생이 되도 똑같겠지요..
          5년동안 지속적으로 피해를 받아온 무기력해진 피해자의 진술과, 진술분석관의 일관된 진술이다 라는 주장은 받아들여지지 않고 cctv 속의 장면만으로 판단해서 피해자 용기내어 알린 피해 사실을 다시 없던 일로 만들어 버리는건가요.
          본인의 잘못을 다 인정하고 각서까지 쓴 이장의 친필 각서와, 피해자 가족들과 통화한 통화 녹음 내용도 증거로 채택하고 할머님의 진술 다시 한번 더 검토 하여 이장이 5년간 저지른 추악한 행동들에 대한 죗값 꼭 치르게 강력한 처벌 해주세요.""
          정상호기자 uma82@inews24.com
          
        "
20210123,20대,여성,5,헬스조선,https://v.daum.net/v/20210123200016675,소변 '조금' 마려운데.. 참을까? 화장실 갈까?," 
         
          
           
           
            과민성방광 환자는 소변이 마려울 때마다 바로 화장실에 가는 습관을 고쳐야 한다./클립아트코리아
           
          
          소변이 자주 마렵고, 조금만 마려워도 화장실에 가야 한다는 사람들이 있다. 과민성방광 환자들이다. 과민성방광이 있을 때 소변은 참는 게 좋을까, 바로 볼일을 보는 게 좋을까?
          과민성방광 환자라면 화장실에 자주 안 가도록 노력해야 한다. 소변이 마려울 때마다 화장실에 가버릇하면 방광에 소변이 많이 안 찼을 때에도 요의가 심해질 수 있다. 평소에 화장실에 가는 시간을 체크해두고, 그 간격을 서서히 늘려보는 게 도움이 된다. 또, 하루에 소변을 보는 횟수를 7회 이내로 줄이는 걸 목표로 두면 좋다.
          카페인과 알코올 섭취를 줄이는 것도 중요하다. 카페인과 알코올은 방광을 자극해 소변량이 많지 않은데도 배출해야 한다는 잘못된 신호를 보낸다. 과체중이거나 비만이 되지 않게 체중 관리를 하는 것도 도움이 된다. 체중이 방광에 압력을 주면 방광에 소변이 충분히 차지 않아도 요의가 생길 수 있다.
          반대로 과민성방광이 아닌 사람이라면 소변이 마려우면 바로 화장실에 가도록 한다. 소변을 참다 보면 방광염으로 이어질 수 있다.
          
        "
20210123,30대,여성,1,매일경제,https://v.daum.net/v/20210123095400898,"[단독] 인터파크, 70분만에 '100억' 잭팟..억눌린 여행수요 또 터졌다"," 
         
          
           
           
            베트남 다낭의 대표 여행포인트인 골든 브릿지. [사진 = 인터파크투어]
           
          
          
            '1분당 1억4500만원 매출'
          
          코로나19 폭격을 뚫고 억눌린 여행수요가 또 폭발했다. 작년 2월부터 시작된 코로나 시대 이후 첫 홈쇼핑 판매 도전에 나선 인터파크투어가 방송 러닝타임 70분간 '예상 매출액' 100억원을 찍는 잭팟을 터뜨렸다.
          23일 관련업계에 따르면 인터파크투어는 지난 22일 밤 11시30분 부터 70분간 진행된 롯데홈쇼핑 여행상품 판매 방송에서 20만원대의 파격 조건을 내건 베트남 노보텔 3박 숙박 상품으로만 15억의 매출 실적을 달성한 것으로 확인됐다.
          순수 숙박을 통한 실적만 계산한 것으로, 항공을 포함 부대 비용까지 합산한 기타 비용을 추가하면 총 예상매출액은 100억원 이상에 달한다.
          단순 계산하면 1분당 무려 1억4500만원에 달하는 매출 실적을 거둔 셈이다.
          특히 송출 예상인원은 상상을 초월한다. 코로나 직후 첫 정상영업에 나서며 여행상품을 판매했던 참좋은 여행의 경우, 정상 영업 첫 날 6000여명의 여행족이 몰렸는데, 인터파크투어는 단 70분간 방송으로 송출 여행 인원 1만5000명을 예상하고 있다. 특히 가족들까지 포함될 경우 여행 예상인원은 2만명을 넘어설 것으로 관측된다.
          방송 타이틀 '다시, 설렘'으로 시작된 이날 홈쇼핑에는 베트남 다낭, 푸꾸옥 5성급 노보텔(호텔형 및 리조트형, 노보텔 다낭 프리미어 한 리버, 노보텔 푸꾸옥 리조트) 3박 숙박 상품이 선을 보였는데 3박에 28만9000원, 옵션 포함 1박 기준 9만원대로 업계 최저가(최저가 보장) 조건이 내걸렸다. 해당 여행상품은 공식적으로 해외여행 가능한 시점(양국 간 자가격리 해체 후)부터 1년간 이용 가능하다.
          특히 방송 후 한달내 100% 환불과 함께 코로나 19 확산으로 여행이 취소될 경우 국내 호텔(JK블라썸호텔, 골든튤립해운대호텔&스위트, 비스타케이호텔 월드컵 등) 숙박으로 변경이 가능하고 타인 양도까지 되는 파격 조건이 보장되면서 방송 초반부터 주문 콜도 폭주했다.
          코로나로 억눌린 여행 보복 심리까지 더해지면서 피크 타임에는 10분씩 주문 콜이 지연되기도 했고 여행상품으로는 전례가 없이 '레드사인(주문 콜 폭주 비상신호)'이 켜지기도 했다.
          박선미 인터파크투어 홍보팀 대리는 ""코로나 이후 홈쇼핑에 여행상품이 등장한 것도 처음이지만, 레드사인이 켜진 것도 전례가 없는 일""이라며 ""코로나19 시기임을 감안해 조심스럽게 다양한 채널을 통해 안전한 여행상품을 선보일 계획이다""고 말했다.
          [신익수 여행전문기자]
          
        "
20210123,30대,여성,2,이데일리,https://v.daum.net/v/20210123115156202,"""마지막일지도 몰라""..'코로나 감염' 커플, 중환자실서 결혼식"," 
         
           [이데일리 장구슬 기자] 영국에서 신종 코로나바이러스 감염증(코로나19)에 감염된 한 커플이 ‘마지막 기회일지도 모른다’는 의료진 말에 병원 중환자실에서 결혼식을 올렸다.
          
           
           
            영국에서 코로나19에 감염된 한 커플이 ‘마지막 기회일지도 모른다’는 의료진 말에 병원 중환자실에서 결혼식을 올렸다. (사진=YTN 뉴스화면 캡처)
           
          
          
           23일 YTN 보도에 따르면 영국 잉글랜드 한 대학병원의 입원실에서 한 커플이 결혼식을 올렸다. 
          
          신부인 리지 커와 신랑 사이먼 오브라이언은 방송에서 두 손을 꼭 붙잡고 있었다.
          오는 6월 결혼식을 앞둔 이들은 얼마 전 코로나19 양성 반응이 나온 뒤 며칠 만에 구급차에 실려 병원으로 이송돼 입원했다.
          이들의 결혼 계획을 알게 된 의료진은 “마지막 기회일 수 있다”라며 이들에게 병원 내 결혼식을 제안했다. 
          리지 커는 “의료진이 마지막 기회일 수 있다며 병원 내 결혼식에 대한 의향을 물었다”며 “정말 다시 듣고 싶지는 않은 말이었다”고 말했다.
          의료진의 제안에 결심이 선 리지 커와 사이먼 오브라이언은 병원 측과 촌각을 다투며 예식 준비를 서둘렀다.
          하지만 그사이 예비 신랑 오브라이언의 상태가 급격히 악화되며 중환자실로 옮겨졌다. 
          결국 결혼식은 중환자실에서 각자 산소 호흡기를 쓴 채로 치러졌다. 결혼식을 결심한 뒤 불과 4시간 만의 일이었다.
          가까스로 예식을 마친 신랑 오브라이언은 산소호흡기에 의지한 채 첫 밤을 보냈다.
          다행히 오브라이언의 상태는 빨리 호전됐고, 며칠 뒤 이 신혼부부는 남편과 아내로서 첫 입맞춤을 할 수 있었다.
          오브라이언은 “리지가 너무나 보고 싶어 중환자실을 꼭 나오고 싶었고, 그래서 최선을 다해 싸웠다”라며 “마침내 해냈다”라고 전했다.
          한편 이날 영국의 코로나19 일일 신규 확진자는 4만261명이며, 신규 사망자는 1401명으로 집계됐다. 누적 확진자와 사망자는 각각 358만3907명과 9만5981명으로 늘어났다.
          장구슬 (guseul@edaily.co.kr) 
          
        "
20210123,30대,여성,3,이데일리,https://v.daum.net/v/20210123151156788,"버스 문에 롱패딩 끼어 사망..""버스기사 난폭운전 막아달라"""," 
         
           [이데일리 장구슬 기자] 시내버스에서 하차하던 승객의 겉옷이 버스 뒷문에 끼어 해당 승객이 그 자리에서 숨지는 사고가 발생한 가운데 “버스 기사의 난폭 운전을 막아달라”는 청와대 국민청원이 등장했다.
          
           
           
            버스기사의 난폭 운전을 막아달라는 청와대 국민청원이 등장했다. (사진=국민청원 홈페이지 캡처)
           
          
          
           지난 21일 한 청원인은 청와대 국민청원 게시판에 “버스기사들의 난폭운전을 막아주세요”라는 제목의 청원글을 올렸다.
          
          청원인은 지난해 12월 경남 진주에서 한 여고생이 버스에 탑승한 후 급출발과 함께 타 차량의 칼 치기로 인해 전신마비가 된 사건, 퇴근길 버스에서 내리던 여성 승객의 롱패딩이 옷자락이 뒷문에 끼어 사망한 사건 등을 언급했다.
          그는 “버스에 탄 승객이 손잡이를 잡고, 의자에 앉을 때까지 출발하지 않는 것, 승객들이 하차할 시에 문이 열림과 동시에 닫는 버튼을 누르지 않는 것. 적어도 이 두 가지 교통법안만 제정돼 시행된다면 현재보다 버스 사고가 훨씬 더 줄어 드리라 생각한다”고 말했다.
          그러면서 “급출발하지 않기, 정차 후 하차, 하차한 승객 확인 후 출발. 세 가지 버스 문화로 더 이상의 안타까운 피해자가 나오지 않길 바란다”고 덧붙였다.
          해당 청원 글엔 23일 오후 2시30분 기준 9000여 명이 넘는 사람들이 동의했다.
          한편 지난 19일 오후 8시30분께 경기 파주시 법원읍의 한 초등학교 인근 도로에서 20대 여성 A씨가 시내버스에서 하차하던 중 뒷문에 롱패딩이 끼어 그 자리에서 숨지는 사고가 발생했다.
          목격자 등에 따르면 버스기사는 A씨의 옷이 끼인 사실을 모르고 그대로 출발했고, A씨가 끌려가 넘어지면서 사고가 났다. 구조대원들이 출동했을 당시 A씨는 크게 다쳐 이미 현장에서 숨진 상태로 알려졌다.
          이 사건과 관련 경찰 관계자는 버스기사 과실 등 정확한 사고경위를 인근 폐쇄회로(CC) TV 확인 등을 통해 조사 중이다.
          장구슬 (guseul@edaily.co.kr) 
          
        "
20210123,30대,여성,4,국민일보,https://v.daum.net/v/20210123001150805,"""아빠가 킥보드 사둔 날, 누나는 '버스 뒷문' 사고에 떠났다"""," 
         
          
           
           
            A씨의 빈소와 사고 당시 장면이 담긴 CCTV. 채널A, JTBC
           
          
          “하필 아빠가 깜짝 선물로 (전동) 킥보드를 사둔 날….”
          시내버스 뒷문에 외투 소매가 끼어 사망한 20대 여성의 남동생이 21일 한 매체에 전한 말이다. 그는 아직 누나의 부재를 실감할 수 없다며 가족들 모두 고통스러운 시간을 보내고 있다고 했다.
          채널A에 따르면 숨진 A씨는 헤어디자이너가 되기 위해 2년 넘게 미용 기술을 배우며 성실히 살아가던 21세 여성이었다. 제 일에 자부심이 넘치고, 월급을 모아 스스로 전세 보증금을 마련할 정도로 생활력까지 강했다고 한다. A씨의 남동생 B씨는 “(누나가) 매일 밤 12시까지 혼자 남아 (미용 기술을) 연습했다”며 “일에 대한 애착이 많았던 것 같다”고 말했다.
          A씨는 사고 당일도 늦은 시간까지 근무한 뒤 친구를 만나러 버스를 탔다고 했다. 그 시각 집에는 A씨 부친의 깜짝 선물이 준비돼 있었다. 버스로 출퇴근하는 딸을 위해 전동 킥보드를 마련한 거였다. B씨는 “아빠가 몰래 킥보드를 사뒀는데 하필이면 딱 그날에 이렇게 돼서…”라며 안타까운 마음을 감추지 못했다.
          B씨는 “‘차를 사줬더라면, 킥보드를 미리 가져다 줬다면…’이라며 아버지가 그날에 대한 모든 걸 후회하고 있다”고 했다. 아버지가 ‘어쩌면 사고를 막을 수 있지 않았을까’ 하는 죄책감을 느끼고 있다는 것이다. 일부 네티즌의 악성 댓글도 고통이라고 한다. A씨의 고모는 “보지도 않고 애가 휴대전화를 봤다느니, 교통카드를 못 찍어서 찍으려고 했다느니, (그래서 사고가 났다는 식의 댓글은) 두 번 죽이는 것”이라고 분통을 터뜨렸다.
          A씨는 지난 19일 오후 8시30분쯤 경기 파주시 법원읍의 한 도로에 정차한 시내버스에서 내리다가 외투 자락이 뒷문에 끼이는 사고를 당했다. 이 상태로 버스가 출발하면서 A씨는 10m가량 끌려갔고, 버스에 깔려 크게 다쳤다. 119대원들이 신고를 받고 출동했으나 A씨는 이미 사망한 상태였다.
          경찰은 버스 운전기사를 업무상과실치사 혐의로 입건하고 정확한 사고 경위를 조사 중이다. 유족들은 신체 일부가 문에 낀 걸 감지하는 버스 센서에 문제가 있었을 가능성을 제기하고 있다.
          박은주 기자 wn1247@kmib.co.kr
          
        "
20210123,30대,여성,5,아이뉴스24,https://v.daum.net/v/20210123190659151,"""85세 할머니 성폭행에도 무혐의""..법 바꿔 처벌하라 '국민청원'"," 
         
          
           
           
            '궁금한 이야기 Y' [SBS 방송 캡처]
           
          
           [아이뉴스24 정상호 기자] SBS 시사프로그램 ‘궁금한 이야기 Y’가 마을 이장에게 성폭행을 당한 85세 노인의 사연을 방송한 후 관련 법을 바꿔달라는 국민청원이 올라왔다. 지난 22일 방송된 '궁금한 이야기 Y'에서는 85세 할머니가 마을이장에게 지속적으로 성추행 및 성폭행을 당한 사건이 소개됐다.
          할머니는 오래전부터 앓던 질환과 수술로 인해 팔이 아파 박 씨의 추행을 막지 못했다. 무기력한 할머니를 두고 이장은 ""노인네가 남자가 그립다고 했다""며 ""돈을 노린 것""이라고 주장했다.
          사건은 불기소 무혐의로 처리됐으며 피해자인 할머니는 60여년간 살았던 정든 마을을 떠날 것으로 알려졌다.
          해당 방송 이후 이장의 죄를 처벌해 달라는 국민청원까지 등장했다.
          청원인은 ""시골마을 27가구 할머니의 악몽 김순임(가명) 할머니가 당하셨던 일을 단순히 피해자가 저항 하지 않았다는 이유만으로 정황상 증거가 아닌 명백한 cctv로 남겨진 사실적 증거와, 가해자가 직접 자필로 작성한 각서를 증거로 인정하지 않고 불기소 무혐의 처분한 법의 제도를 개선 시켜 달라""고 주장했다.
          이어 ""신장 질환이 심각해져 큰 수술까지 받고, 아직까지 주기적으로 투석을 받고 있는 아픈 몸 상태의 노령 환자를 제 마음대로 짓밟고, 본인이 저지를 일을 다 시인하고 인정하고 각서까지 썼는데 이게 어떻게 무혐의 처분으로 법의 심판을 받지 않을 수 있는건가요? 검,경찰, 재판의 결과를 내린 판사님도 본인의 어머니가 저런 일을 당해도 똑같은 결과를 낼 수 있을까""라며 """"제발 다시 재수사 하고, 할머님의 번복되지 않은 일관된 진술을 재검토 해서 꼭 처벌 받게 해달라""고 강조했다.
          23일 현재 이 청원문은 1만825명의 동의를 얻은 상태다.
          이하 청원글 전문
          ""85세 할머니가 당한 성폭행, 성추행을 불기소 무혐의 처분한 법을 바꿔 주세요궁금한 xx기 y 529회차에 방영 됐던 시골마을 27가구 할머니의 악몽 김순임(가명) 할머니가 당하셨던 일을 단순히 피해자가 저항 하지 않았다는 이유만으로 정황상 증거가 아닌 명백한 cctv로 남겨진 사실적 증거와, 가해자가 직접 자필로 작성한 각서를 증거로 인정하지 않고 불기소 무혐의 처분한 법의 제도를 개선 시켜 주세요.
          신장 질환이 심각해져 큰 수술까지 받고, 아직까지 주기적으로 투석을 받고 있는 아픈 몸 상태의 노령 환자를 제 마음대로 짓밟고, 본인이 저지를 일을 다 시인하고 인정하고 각서까지 썼는데 이게 어떻게 무혐의 처분으로 법의 심판을 받지 않을 수 있는건가요? 검,경찰, 재판의 결과를 내린 판사님도 본인의 어머니가 저런 일을 당해도 똑같은 결과를 낼 수 있을까요?제발 다시 재수사 하고, 할머님의 번복되지 않은 일관된 진술을 재검토 해서 꼭 처벌 받게 해주세요..
          5년동안 지속적으로 당해와서 무기력해진 피해자를 구제 해 주지 못하는 법의 허술함이 너무 안타깝고 답답합니다.
          연세 드신분이 진술하는 과정에서 따님분이 도와주려고 강력하게 어필하라고 했던 부분이 진술을 오염시켰다는 이유 하나만으로 무혐의 처분은 정말 너무 하지 않은가요? 무혐의 처분 받은 이장이나 이장 마누라나 xx 한번 만졌을 뿐인데, 나이먹은 여자가 외로워서 자기를 유혹했다, 그러고선 1억을 요구 한다. 돈을 뜯어내려는 수작이다 라고 동네방네 소문내고 다닌답니다... 혈액 투석을 해서 팔에 힘이 없어서 가해자를 힘껏 밀쳐내지 못한 피해자를 그런식으로 보호 해 주지 못 하는 법은 아마 이런 피해자가 또 발생이 되도 똑같겠지요..
          5년동안 지속적으로 피해를 받아온 무기력해진 피해자의 진술과, 진술분석관의 일관된 진술이다 라는 주장은 받아들여지지 않고 cctv 속의 장면만으로 판단해서 피해자 용기내어 알린 피해 사실을 다시 없던 일로 만들어 버리는건가요.
          본인의 잘못을 다 인정하고 각서까지 쓴 이장의 친필 각서와, 피해자 가족들과 통화한 통화 녹음 내용도 증거로 채택하고 할머님의 진술 다시 한번 더 검토 하여 이장이 5년간 저지른 추악한 행동들에 대한 죗값 꼭 치르게 강력한 처벌 해주세요.""
          정상호기자 uma82@inews24.com
          
        "
20210123,40대,여성,1,오마이뉴스,https://v.daum.net/v/20210123123309539,"""원격수업 힘들었지?"" 졸업생 모두에게 '태블릿 노트북' 선물"," 
         
          [심규상 대전충청 기자]
          
           
            
             
              
               
                
            
            
             ▲  둔포중학교가 지난 21일 개최한 67회 졸업식에서 58명의 졸업생에게 졸업장과 함께 태블릿 노트북을 전달하고 있다.  
            
            
             ⓒ 둔포중학교 
             
           
          
          
            
           ""졸업을 진심으로 축하합니다. 졸업선물로 '태블릿 노트북'을 준비했습니다.""
          
          둔포중학교(교장 박종인, 충남 아산시)가 졸업생 전원에게 졸업장과 함께 통 큰 선물을 안겼다.
          둔포중은 지난 21일 개최한 67회 졸업식에서 58명의 졸업생 전원에게 태블릿 노트북을 선물했다.
          이 학교는 매년 학생들에게 해외문화체험을 벌이고 있다. 그런데 지난해에는 코로나19의 확산으로 해외문화체험이 무산됐다. 그 아쉬운 마음을 졸업선물로 챙긴 셈이다.
          박종인 교장은 ""코로나19로 교육환경도 급변하고 있다""며 ""고등학교에 진학하는 졸업생들이 원격수업에 잘 적응해 희망을 더 키우라는 의미에서 태블릿 노트북을 선물했다""고 전했다.
          김은채 학생자치회장은 ""코로나19로 해외문화체험을 가지 못한 게 너무 아쉽지만 이렇게 뜻밖의 큰 선물을 받게 돼 기쁘고, 원격수업으로 막막해하는 졸업생들의 마음조차 챙긴 학교 측에 감사드린다""며 ""고등학교에 진학해서도 열심히 공부하겠다""고 밝혔다.
          태블릿 노트북 선물비용은 학교법인(조광학원, 이사장 조광양)에서 부담했다.
          학교법인 조광학원은 사립학교 경영평가에서도 '우수기관' 선정
          
            
          
          
           
            
             
              
               
                
            
            
             ▲  충남도내 2019년도 사립학교 법정부담금 납부현황(2018년 결산 기준) . 당시 학교법인 조광학원은 법정부담금을 모두 낸 4곳 법인에 포함돼 이름을 올렸다. 학교법인 조광학원은 충남도교육청의 사립학교 경영평가에서도 '우수기관'으로 선정된 바 있다.  
            
            
             ⓒ 심규상 
             
           
          
          
            
           학교법인 조광학원은 지난해 <오마이뉴스> 기사에서도 언급된 바 있다.  지난 '2018년 충남 도내 사립학교 법인별 법정부담금 부담 현황'을 보면 도내 84개 학교를 운영하는 사립학교 법인이 낸 법정부담금 납부율은 25.43%에 불과했다. 한 푼도 내지 않거나 0%대 납부율을 보이는 곳도 많았다.
          
          이 때문에 당시 도내 사학재단이 납부해야할 103억여 원을 도 교육청 예산으로 메우면서 사립학교 법인이 내지 않은 교직원들의 연금과 건강보험금, 재해보상금 등을 도민 세금으로 충당해야 했다.
          당시 <오마이뉴스> 보도를 보면 법정부담금을 모두 낸 법인은 4곳이었는데 여기에 조광학원(둔포중)이 이름을 올렸다(관련 기사 : 사학 법정부담금 납부율 24%... '백종원 이사장' 학교도 1%대).
          조광학원은 지난 2016년 충남도교육청이 벌이는 사학기관 경영평가(사립학교 경영 투명성과 건전성 평가)에서도 우수기관으로 평가돼 표창을 받은 바 있다.
          
        "
20210123,40대,여성,2,오마이뉴스,https://v.daum.net/v/20210123142100328,초등학생들에게 돌 맞아 죽은 청년," 
         
          [변상철 기자]
          
            교량이 불에 타버려 건너갈 수 없게 되었기 때문에 도선을 준비 중, 조선인 한 사람이 도망치기 시작하자 다른 18명도 갑자기 스미다가와에 뛰어들기에 순사들의 요청에 따라 실탄 17발을 강물을 향해 쏘았음. 강물로 뛰어들지 못하고 도망치려 한 자는 다수의 피난민과 경관에게 타살되었음.
           - <학살의 기억, 관동대지진> 153쪽
          
          
           관동대지진 당시 일본 시민들은 조선인들을 소위 '불령선인', 즉 불순한 의도를 가지고 위해를 가할 위험한 집단으로 규정하고 학살에 가담했다. 위의 경우처럼 살기위해 강물에 뛰어든 조선인은 군인에게, 강물에 뛰어들지 못한 조선인들은 민간인에게 맞아 죽었다. 광란의 바이러스가 군중에게 집단으로 감염되면 언제든 일어날 수 있는, 아니 실제 일어난 역사다. 안타깝게도 그러한 학살이 4.3 당시에도 일어났다.
          
          4.3이라는 악의 광풍은 평범한 이들에게도 예외가 아니었다. 경찰과 군인을 넘어 평범한 시민, 아이들에게도 학살을 강요하였다. 죽음이라는 협박과 공포에 내몰린 사람들은 살기 위해 군인과 경찰이 시키는 대로 해야 했다. 시민들은 그것이 불법이든, 부정의이든, 비이성적이든 판단하고 행동할 처지가 되지 못했다.
          우리는 탁본을 하는 도중 오경대씨에게 아주 특별한 경험담을 들었다. 경험이라기보다는 잔인한 학살의 기억이라고 하는 편이 더 정확한 표현이겠다. 바로 4.3 당시 민간인이 민간인을 죽인 끔찍한 이야기다.
          
           6학년이 죽창으로 찔러
             
          
          
           
            
             
              
               
                
            
            
             ▲  평범한 도로인 이곳은 반세기 전 어린아이들이 알지 못하는 청년에게 돌을 던져야 했던 그 장소이다.  
            
            
             ⓒ 한톨 
             
           
          
          
            
           오경대의 구술 = ""초등학교 3학년 때인가 어렸을 때였어요. 학교를 불태웠다는, 당시에는 폭도라고 불리던 사람들이 잡혀왔습니다. 산사람, 폭도라고 했던 아들하고 그 아들의 엄마였는데, 군인이 잡아 와서 '이 사람이 이 학교(예래초등학교)를 불태웠다. 그러기 때문에 여러분 손으로 이 사람들을 처단해야 한다. 그래서 초등학교 1학년에서 5학년까지는 일렬로 쭉 서서 돌멩이 하나씩을 들어라. 6학년은 죽창을 들어라'라고 했습니다.
          
          그래서 어린이들이 그 묶어놓은 폭도라는 남자에게 돌멩이를 하나씩 던졌습니다. 다 던지고 나서 6학년은 죽창으로 찔렀습니다. 그래도 죽지 않으니까 나중에는 군인이 총을 몇 발 쏴서 죽였습니다.
          저는 그 기억이 지금도 생생합니다. 왜 어린이들에게까지 잔인한 모습을 보여야 하느냐. 지금 생각하면 참 가슴이 아픕니다. 너무도 잔인한 행동이었지만 그때 당시는 어렸기도 했고, 그전에 군인들이 동네 구장했던 분을 잡아다가 때리는 것도 몇 번 봤습니다. 군인들이 시키는 대로 하지 않으면 동네 구장도 그렇게 맞던 시절이니 살려면 시키는 대로 해야지 도리가 있습니까.
          결국 그 구장도 나중에 우리 아버님하고 예비검속이 되어 가지고 이제 돌아가셨지만 어린 마음에 나이 든 구장이 몽둥이로 맞으면서 땅바닥에 뒹구는데도 사정없이 몽둥이로 내려치는데 사람으로서 어떻게 저렇게 할 수 있나 이런 생각이 들었지요. 하지만 어떻게 할 도리가 없잖아요. 어떻게 보면 우리 입장에서 간첩인 사람들을 처단한 거잖아요.""
          어린 오경대는 그 구장에게 내려지는 구타의 형벌이 당연하다고 생각했다. 간첩, 빨갱이는 맞아도 된다고 생각했다. 정당한 처단이었다.
          오경대의 구술 = ""거꾸로 나중에 나에게 간첩 혐의가 씌어질 줄은 상상도 못 했습니다. 꿈에도 생각 못 했습니다. 여기서 나고 여기서 국방의 의무를 마치고 열심히 농촌에서 살았었는데 나에게 이러한 불행한 일이 닥칠 거라고 생각 못했는데 그것이 배우지 못한 탓이 아닌가 생각하고 있습니다.
          결국 그것은 4.3 사건과 간첩 조작의 큰 연관이라고 생각이 되죠. 아버님이 좌익 활동을 하거나 간첩 활동을 하거나 교육을 시킨 일이 없는데도 국가에서는 제주도 4.3 사건은 아버지도 연관이 되어 있지 않느냐, 그 아버지에 그 아들이라는 오명을 씌우면서 중형을 구형한 겁니다.""
          어린 아이들을 학살의 공범으로 만들고, 모두 학살의 책임에서 벗어날 수 없게 한 것이 대한민국의 작은 섬 제주에서 일어난 역사의 한 부분이었다. 살기 위해 이유 없는 학살에 가담해야 했던, 법과 이성이라는 사회 구조는 이미 그 기능을 상실하고 파괴된 혼란의 시대였다.
          어린 오경대 역시 죽지 않고 살려고 돌을 들었다. 군인들이 불령선인이니 간첩이니 하며 잡아 와 묶어놓은 어느 청년을 향해 돌을 던졌다. 그가 정말 폭도인지, 산사람인지, 어떤 사연으로 억울하게 잡혀 온 청년인지 그는 알지 못했고, 지금도 알지 못한다. 그러나 그는 돌을 던졌다. 죽지 않고 살기 위해서라면 돌을 던져야 했다.
          그랬던 그가 수십 년 후에 간첩이라며 돌멩이를 맞는 신세가 되어 버렸다. 그는 간첩이 아니었으나 간첩이 되었고, 신문에 간첩이라며 대서특필된 그에 대해 국가와 국민, 주변 사람들은 실체적 진실을 확인하려 하지 않았다. 의심은 곧 간첩을 두둔하는 것이고 두둔은 곧 자신이 간첩이 될 수 있다는 것이기에 의심 없이 간첩으로 취급하였다. 간첩이 되고 난 뒤 그는 더욱더 그날 돌멩이를 맞으며 죽어갔던 그 청년이 떠올랐다.
          그는 청년이 죽어갔던 그 자리를 찾았다. 이제는 그저 아스팔트가 덮인 도로가 된 그 자리에서 멈춰선 그는 돌멩이와 흙 때문에 탁본이 제대로 되지 않는 그 자리를 탁본하려 했다. 어떤 모양인지 알아보기 어려울 정도로 선명하지 않은 탁본이었지만 그는 정성을 다해 조심조심 탁본했다. 그에게 그 탁본은 예쁘거나 선명하게 드러나는 것이 중요한 것이 아니었다.
          그는 탁본하는 동안 그 청년이 쓰러져가던 그 바닥을 정성 들여 세심하게 만지고 문지르고 어루만졌다. 마치 그날 쓰러진 청년의 주검을 기억하고 어루만지며 또 다른 용서와 화해, 해원을 하는 듯했다. 탁본하는 동안 그날의 기억이 좀 더 선명하게 되살아나는 듯했다.
          
           그날 그 청년
             
          
          
           
            
             
              
               
                
            
            
             ▲  폭로라는 이름으로 처형당한 모자의 사망장소를 찾아가는 오경대 씨.  
            
            
             ⓒ 한톨 
             
           
          
          
            
           오경대의 구술 = ""이 밭인지 저 밭인지... 나는 이 밭으로 생각하고 있어. 이 길도 있었고, 이리로 가 가지고 엄마는 저 아래 개천인가 어딘가 가서 죽이고 여기서는 아들이 죽고. 남자는 학생들이 죽이고, 엄마는 저기서 부녀회가 죽였어. 여자들은 여자가 죽이라고 해가지고.
          
          그니까 사람을 이렇게 묶어놓고 1학년에서 5학년까지는 돌멩이를 하나씩 들라. 그래서 지나가면서 맞추는 거야. 얼굴인지 어딘지 그냥 막 던지지. 던지고 나면 6학년이 죽창으로 찌르는 거야. 그러니까 피가 싹 쏟아질 거 아니야? 그러니까 사람이 이렇게 컸던 사람이 이렇게 작아져. 그래도 꿈틀꿈틀하니까 총으로 쏴 버린 거지.
          그날 모인 학생들이 한 백 명 됐을까. 그냥 학교 불태운 놈이니까 너희들이 죽이라고 총 들고 있는 군인들이 그렇게 시키니까 어떻게 안 할 수가 있어. 이제 그날 그 사건을 아는 (동네) 사람이 전부 돌아가시고 몇 명 안 남았어요. 동년배들은 다... 그런데 얘길 안 해. 그걸 모르는 사람이 어딨어. 정말 기가 막힌 거예요. 총 한 방 쏘면 되는데 어린애들보고 시켰다는 그거가.""
          그 모자는 정말 절차 없이 죽을 만한 죄를 지었을까? 그 모자는 정말 산사람, 폭도, 좌익, 빨갱이였을까? 그날 그 장소에서 돌과 죽창을 들었던 아이들은 지금 성인이 되어 여전히 이곳을 기억하며 매일 이 길을 지나고 있을 것이다. 매일 같이 이 길을 지나면 매일같이 그날의 악몽이 떠오르지 않을까. 오경대는 어떻게 그날을 안고 살아갈까? 너무도 궁금했다. 탁본을 마치고 돌아서는 오경대씨에게 물었다. 그렇게 끔찍했던 일이 일어났던 이 길을 매일같이 다닐 텐데 힘들거나 괴롭지 않으냐고. 어떻게 이 길을 지날 수 있느냐고.
          오경대의 구술 = ""잊어버리고 살았지... 그러지 않으면 못살아...""
          
           잊어버리고 산다는 그 말이 진심처럼 들리지 않았다. 아니, 오히려 잊고 살고 싶지만 잊을 수 없어 괴로워하는 절규로 들려왔다. 그는 잊었다고 하지만 억울하게 간첩으로 조작되었던 자신과 그날의 청년이 겹쳐 보인다는 것처럼 단 한시도 그날의 일을 잊을 수 없는 것이다. 그는 잊고 싶고, 잊기 위해 그곳을 다시 찾았다. 탁본을 하고 돌아가는 그가 그날의 청년에게서 조금은 위로받고 마음의 짐을 덜었기를 바란다. 그것이 탁본하는 우리의 마음이기도 하다.
            
          
          
           이념이 그은 삶과 죽음의 경계선은 학설 터에만 있지 않았습니다. 한꺼번에 가족을 잃고도 '폭도의 가족'이란 말을 듣지 않기 위해 숨죽이며 살아야 했습니다. 제주는 살아남기 위해 기억을 지워야만 하는 섬이 되었습니다. 그런 말 못할 세월 동안 제주도민들의 마음속에 진실은 사라지지 않았습니다. 더 이상 4.3의 진상규명과 명예 회복이 중단되거나 후퇴하는 일은 없을 것입니다. 국가권력이 가한 폭력의 진상을 제대로 밝혀 희생된 분들의 억울함을 풀고 명예를 회복하도록 하겠습니다.
           - 2018년 4월 3일 문재인 대통령 추념사
          
          
            
           문재인 대통령의 추념사처럼 제주에서의 4.3은 학살 터에만 그치지 않았다. '폭도의 가족'은 다시 빨갱이의 자식이 되었고, 그 자식은 다시 빨갱이, 간첩이 되었다. 노무현 대통령과 문재인 대통령은 더 이상 진상규명, 명예회복이 후퇴하는 일은 없을 거라고 했다. 대통령의 4.3 진상규명은 현재형이다.
          
          4.3때 학살을 피해 도망갔던 사람들, 남한에 원한을 가졌던 그들, 공산주의가 좋아서가 아니라 가족과 친족을 학살했던 이승만을 증오했던 그들, 먹고 살기 위해 밀항했던 제주인들, 이것이 제주 조작간첩의 특징이다.
          
        "
20210123,40대,여성,3,매일경제,https://v.daum.net/v/20210123063002236,요즘 20대가 하늘길 막히자 해외여행 대신 가는 곳," 
         
          
           
           
            강원도 인제 원대리 자작나무숲 / 사진 = 한국관광공사
           
          
          
            코로나19가 여행업계에 변화의 바람을 일으키고 있다. 사회적 거리두기 준수와 마스크 쓰기 등의 방역 지침을 기본으로 단체보다는 소수가, 멀리보다는 가까운 곳으로 떠나는 분위기다. 특히 세대별 활동성면에서 앞서는 20대의 여행법도 달라지는 모양새다. ‘등린이’나 ‘캠린이’처럼 등산과 캠핑으로 외연을 확장하고 있고, 타인과 분리돼 휴식을 즐기려 모텔 등의 중소형 호텔을 찾는 이도 늘었다. 이른바 ‘모텔+바캉스’인 ‘모캉스’족의 출현이다.
          
          
           
          
          
            이런 추세는 통계도 뒷받침한다. 숙박‧모바일티켓 예약 플랫폼 여기어때가 최근 벌인 설문조사에 따르면, 20대 앱 이용자의 49%는 하늘길이 막힌 지난해 모캉스를 처음 경험했다고 밝혔다. 
          
          해외여행의 대체재로 등장한 다양한 국내여행 상품, 트렌드 중 호캉스(50%)에 이어 두 번째다. 이는 50대(13%)보다 무려 36%포인트가 높아, 20대를 중심으로 모텔의 이용형태가 확장되고 있는 것으로 풀이된다. 
          여기어때 관계자는 “모텔의 고급화 추세와 예약 편의성, 철저한 방역 시설이 등장한 데 따른 트렌드로 해석된다”며 “맛집의 음식을 배달해 조촐한 모임을 갖거나, OTT 영상물을 시청하는 등 각자의 방법으로 모텔을 휴식의 공간으로 활용하기도 한다”고 설명했다.
          
           
          
          
            모텔은 호텔 못지않은 인테리어와 부가서비스를 제공해 최근 젊은 소비층의 관심이 더욱 커지고 있다. 감염병 우려를 줄이기 위해 철저한 방역을 약속하는 숙소도 증가하면서 해외여행을 대체하는 소소한 놀이 공간으로 주목 받은 것. 여기어때 관계자는 “모텔은 새로운 공간 문화, 여행 트렌드를 이끄는 숙소 형태로 변모하는 중”이라며 “모바일 예약 플랫폼에 익숙한 20대가 가장 먼저 반응하고 있다”고 평가했다.
          
          20대 응답자 2명 중 1명(51%)은 지난해 해외여행을 미뤄 아낀 돈을 국내여행에 지출했다고 답했으며, 생활비로 썼다는 응답은 41%였다. 쇼핑 등 그루밍 비용으로 지출했다는 20대 응답자는 37%를 차지했다.
          이들의 1박 2일 기준 국내여행 경비는 평균 26만5800원으로 집계됐다. 지출이 가장 큰 항목은 숙소로, 전체 비용 중 49% 수준이었다. 반면 50대는 지난해 국내여행 경비가 평균 42만5800원이라고 응답했고, 이중 숙소 비용은 39%였다.
          
           
          
          
            앞으로 새롭게 경험해 보고 싶은 여행 형태에 대해 20대는 차에서 즐기는 차박(42%)과 야외에서 즐기는 캠핑‧글램핑(41%)을 꼽았다. 최근 유명 관광지 방문이 어렵고, 위생의 중요성이 커지자 비대면 여행의 대표 테마인 캠핑이 떠오른 것으로 보인다. 
          
          백신 등으로 코로나19가 잠잠해지면 즐기고 싶은 활동으로는 해외여행(53%)을 가장 많이 선택했고, 국내여행(49%)과 친구‧동호회 모임(33%)이 뒤를 이었다.
          
           
           
            서울 노을 캠핑장 / 사진 = 한국관광공사
           
          
          
            이번 설문은 모바일리서치 오픈서베이를 활용해 지난 13~17일 진행했다. 여기어때 이용자 총 2225명이 참여했으며, 이중 20대는 1260명이었다.
          
          [장주영 여행+ 기자]
          
        "
20210123,40대,여성,4,뉴스1,https://v.daum.net/v/20210123070327505,"[사건의 재구성]""층간소음에 취업 못해""..위층 노부부 참변"," 
         
          
           
           
            © News1 이은현 디자이너
           
          
          (서울=뉴스1) 이승환 기자 = 청와대 국민청원 게시판에 지난 6일 층간소음 대책을 마련해 달라는 글이 올라왔다. 글쓴이는 ""층간소음은 살인 충동을 낳는 무서운 범죄""라고 썼다. 실제로 그랬다. 지금부터 4년10개월 전, 경기 하남에서 정말 무서운 층간소음사건이 일어났다. 
          하남시의 아파트에 거주하던 A씨(당시 33세). 학창시절 상위 10~20% 수준의 우수한 성적을 보인 그는 말수가 적고 내성적이기는 해도 학급 반장과 부반장을 맡을 정도로 대인관계가 원만했다. 
          그러나 대학 입학 후 안구건조증이 심해져 수업을 제대로 받을 수 없었던 A씨는 결국 학적에서 이름이 지워졌다. 대학 제적 후 6년간 특별한 직업이 없던 그는 은둔 생활을 하면서 컴퓨터 프로그래밍을 공부하고 나름 진로를 모색했다. 
          ""쿵광쿵광, 쿵광쿵광, 쿵광쿵광""
          그러나 집에 머물 때면 어김없이 소음이 들렸다. 가슴이 뛰고 분노가 솟구쳤다. 그 스트레스가 어느날 임계점을 넘어섰다. 그는 문을 열고 위층으로 향했다.
          아내 B씨(당시 65세)와 남편 C씨(당시 67세)가 함께 있었다. A씨는 두 사람에게 ""조용히 해달라""고 했다. B씨 부부는 ""노부부만 살고 있어 층간소음이 발생할 일이 없다""고 답했다. 
          그 대답이 A씨에게 확신을 심어줬다. ""대화로 해결될 문제가 아니다."" A씨는 인근 마트에서 흉기 2자루를 구입했다. 송파구 전자기기 매장에서 초소형 캠코더 1대도 샀다. 
          A씨는 위층 현관문 앞 천장에 캠코더를 설치했다. B씨 부부의 입력 장면을 촬영해 비밀번호를 파악했다. 
          그 즈음 A씨는 피해의식에 사로잡혔다. ""건강이 나빠지고 취업이 안되는 것도 위층 소음 때문이야."" 또래보다 사회적으로 뒤진 것도 소음 때문이라고 간주했다. 억울한 감정과 분노가 터지기 직전이었다. 
          A씨는 준비한 흉기를 소지한 채 계단 위로 걸었다. 비밀번호를 알아낸지 40여일 뒤였다. 흉기 중 하나는 손에 쥐고 다른 하나는 현관 앞에 숨겼다. 상대에게 제압돼 흉기를 빼앗길 가능성에 대비해 하나를 따로 보관한 것이다. 
          A씨는 비밀번호를 누르고 문을 열었다. 그리고 안방 침대에 있던 B씨를 발견한 뒤 소리치며 달려들었다. ""당신들 때문에 하루도 편할 날이 없다!"" A씨는 자신을 제지하던 C씨까지 마저 공격한 뒤 현장을 벗어났다. 
          B씨는 숨지고 C씨는 크게 다쳤다. A씨는 범행 하루만에 경찰에 붙잡혔다. 검거 당시 그는 인천의 한 사우나에서 잠을 자고 있었다. 
          A씨는 살인, 살인미수, 특수주거침입 혐의로 기소됐고 징역 30년을 선고받았다. 재판부는 ""현관문 비밀번호를 몰래 알아내 침입한 후 흉기를 휘두른 것은 피해자들이 도저히 예측못할 중대 범죄""라며 ""유족의 상처도 치유되지 않았다""고 양형이유를 설명했다.
          사람들은 이 사건을 '하남 층간소음 살인 사건'이라고 부른다.
          mrlee@news1.kr 
          
        "
20210123,40대,여성,5,아이뉴스24,https://v.daum.net/v/20210123190659151,"""85세 할머니 성폭행에도 무혐의""..법 바꿔 처벌하라 '국민청원'"," 
         
          
           
           
            '궁금한 이야기 Y' [SBS 방송 캡처]
           
          
           [아이뉴스24 정상호 기자] SBS 시사프로그램 ‘궁금한 이야기 Y’가 마을 이장에게 성폭행을 당한 85세 노인의 사연을 방송한 후 관련 법을 바꿔달라는 국민청원이 올라왔다. 지난 22일 방송된 '궁금한 이야기 Y'에서는 85세 할머니가 마을이장에게 지속적으로 성추행 및 성폭행을 당한 사건이 소개됐다.
          할머니는 오래전부터 앓던 질환과 수술로 인해 팔이 아파 박 씨의 추행을 막지 못했다. 무기력한 할머니를 두고 이장은 ""노인네가 남자가 그립다고 했다""며 ""돈을 노린 것""이라고 주장했다.
          사건은 불기소 무혐의로 처리됐으며 피해자인 할머니는 60여년간 살았던 정든 마을을 떠날 것으로 알려졌다.
          해당 방송 이후 이장의 죄를 처벌해 달라는 국민청원까지 등장했다.
          청원인은 ""시골마을 27가구 할머니의 악몽 김순임(가명) 할머니가 당하셨던 일을 단순히 피해자가 저항 하지 않았다는 이유만으로 정황상 증거가 아닌 명백한 cctv로 남겨진 사실적 증거와, 가해자가 직접 자필로 작성한 각서를 증거로 인정하지 않고 불기소 무혐의 처분한 법의 제도를 개선 시켜 달라""고 주장했다.
          이어 ""신장 질환이 심각해져 큰 수술까지 받고, 아직까지 주기적으로 투석을 받고 있는 아픈 몸 상태의 노령 환자를 제 마음대로 짓밟고, 본인이 저지를 일을 다 시인하고 인정하고 각서까지 썼는데 이게 어떻게 무혐의 처분으로 법의 심판을 받지 않을 수 있는건가요? 검,경찰, 재판의 결과를 내린 판사님도 본인의 어머니가 저런 일을 당해도 똑같은 결과를 낼 수 있을까""라며 """"제발 다시 재수사 하고, 할머님의 번복되지 않은 일관된 진술을 재검토 해서 꼭 처벌 받게 해달라""고 강조했다.
          23일 현재 이 청원문은 1만825명의 동의를 얻은 상태다.
          이하 청원글 전문
          ""85세 할머니가 당한 성폭행, 성추행을 불기소 무혐의 처분한 법을 바꿔 주세요궁금한 xx기 y 529회차에 방영 됐던 시골마을 27가구 할머니의 악몽 김순임(가명) 할머니가 당하셨던 일을 단순히 피해자가 저항 하지 않았다는 이유만으로 정황상 증거가 아닌 명백한 cctv로 남겨진 사실적 증거와, 가해자가 직접 자필로 작성한 각서를 증거로 인정하지 않고 불기소 무혐의 처분한 법의 제도를 개선 시켜 주세요.
          신장 질환이 심각해져 큰 수술까지 받고, 아직까지 주기적으로 투석을 받고 있는 아픈 몸 상태의 노령 환자를 제 마음대로 짓밟고, 본인이 저지를 일을 다 시인하고 인정하고 각서까지 썼는데 이게 어떻게 무혐의 처분으로 법의 심판을 받지 않을 수 있는건가요? 검,경찰, 재판의 결과를 내린 판사님도 본인의 어머니가 저런 일을 당해도 똑같은 결과를 낼 수 있을까요?제발 다시 재수사 하고, 할머님의 번복되지 않은 일관된 진술을 재검토 해서 꼭 처벌 받게 해주세요..
          5년동안 지속적으로 당해와서 무기력해진 피해자를 구제 해 주지 못하는 법의 허술함이 너무 안타깝고 답답합니다.
          연세 드신분이 진술하는 과정에서 따님분이 도와주려고 강력하게 어필하라고 했던 부분이 진술을 오염시켰다는 이유 하나만으로 무혐의 처분은 정말 너무 하지 않은가요? 무혐의 처분 받은 이장이나 이장 마누라나 xx 한번 만졌을 뿐인데, 나이먹은 여자가 외로워서 자기를 유혹했다, 그러고선 1억을 요구 한다. 돈을 뜯어내려는 수작이다 라고 동네방네 소문내고 다닌답니다... 혈액 투석을 해서 팔에 힘이 없어서 가해자를 힘껏 밀쳐내지 못한 피해자를 그런식으로 보호 해 주지 못 하는 법은 아마 이런 피해자가 또 발생이 되도 똑같겠지요..
          5년동안 지속적으로 피해를 받아온 무기력해진 피해자의 진술과, 진술분석관의 일관된 진술이다 라는 주장은 받아들여지지 않고 cctv 속의 장면만으로 판단해서 피해자 용기내어 알린 피해 사실을 다시 없던 일로 만들어 버리는건가요.
          본인의 잘못을 다 인정하고 각서까지 쓴 이장의 친필 각서와, 피해자 가족들과 통화한 통화 녹음 내용도 증거로 채택하고 할머님의 진술 다시 한번 더 검토 하여 이장이 5년간 저지른 추악한 행동들에 대한 죗값 꼭 치르게 강력한 처벌 해주세요.""
          정상호기자 uma82@inews24.com
          
        "
20210123,50대,여성,1,아이뉴스24,https://v.daum.net/v/20210123190659151,"""85세 할머니 성폭행에도 무혐의""..법 바꿔 처벌하라 '국민청원'"," 
         
          
           
           
            '궁금한 이야기 Y' [SBS 방송 캡처]
           
          
           [아이뉴스24 정상호 기자] SBS 시사프로그램 ‘궁금한 이야기 Y’가 마을 이장에게 성폭행을 당한 85세 노인의 사연을 방송한 후 관련 법을 바꿔달라는 국민청원이 올라왔다. 지난 22일 방송된 '궁금한 이야기 Y'에서는 85세 할머니가 마을이장에게 지속적으로 성추행 및 성폭행을 당한 사건이 소개됐다.
          할머니는 오래전부터 앓던 질환과 수술로 인해 팔이 아파 박 씨의 추행을 막지 못했다. 무기력한 할머니를 두고 이장은 ""노인네가 남자가 그립다고 했다""며 ""돈을 노린 것""이라고 주장했다.
          사건은 불기소 무혐의로 처리됐으며 피해자인 할머니는 60여년간 살았던 정든 마을을 떠날 것으로 알려졌다.
          해당 방송 이후 이장의 죄를 처벌해 달라는 국민청원까지 등장했다.
          청원인은 ""시골마을 27가구 할머니의 악몽 김순임(가명) 할머니가 당하셨던 일을 단순히 피해자가 저항 하지 않았다는 이유만으로 정황상 증거가 아닌 명백한 cctv로 남겨진 사실적 증거와, 가해자가 직접 자필로 작성한 각서를 증거로 인정하지 않고 불기소 무혐의 처분한 법의 제도를 개선 시켜 달라""고 주장했다.
          이어 ""신장 질환이 심각해져 큰 수술까지 받고, 아직까지 주기적으로 투석을 받고 있는 아픈 몸 상태의 노령 환자를 제 마음대로 짓밟고, 본인이 저지를 일을 다 시인하고 인정하고 각서까지 썼는데 이게 어떻게 무혐의 처분으로 법의 심판을 받지 않을 수 있는건가요? 검,경찰, 재판의 결과를 내린 판사님도 본인의 어머니가 저런 일을 당해도 똑같은 결과를 낼 수 있을까""라며 """"제발 다시 재수사 하고, 할머님의 번복되지 않은 일관된 진술을 재검토 해서 꼭 처벌 받게 해달라""고 강조했다.
          23일 현재 이 청원문은 1만825명의 동의를 얻은 상태다.
          이하 청원글 전문
          ""85세 할머니가 당한 성폭행, 성추행을 불기소 무혐의 처분한 법을 바꿔 주세요궁금한 xx기 y 529회차에 방영 됐던 시골마을 27가구 할머니의 악몽 김순임(가명) 할머니가 당하셨던 일을 단순히 피해자가 저항 하지 않았다는 이유만으로 정황상 증거가 아닌 명백한 cctv로 남겨진 사실적 증거와, 가해자가 직접 자필로 작성한 각서를 증거로 인정하지 않고 불기소 무혐의 처분한 법의 제도를 개선 시켜 주세요.
          신장 질환이 심각해져 큰 수술까지 받고, 아직까지 주기적으로 투석을 받고 있는 아픈 몸 상태의 노령 환자를 제 마음대로 짓밟고, 본인이 저지를 일을 다 시인하고 인정하고 각서까지 썼는데 이게 어떻게 무혐의 처분으로 법의 심판을 받지 않을 수 있는건가요? 검,경찰, 재판의 결과를 내린 판사님도 본인의 어머니가 저런 일을 당해도 똑같은 결과를 낼 수 있을까요?제발 다시 재수사 하고, 할머님의 번복되지 않은 일관된 진술을 재검토 해서 꼭 처벌 받게 해주세요..
          5년동안 지속적으로 당해와서 무기력해진 피해자를 구제 해 주지 못하는 법의 허술함이 너무 안타깝고 답답합니다.
          연세 드신분이 진술하는 과정에서 따님분이 도와주려고 강력하게 어필하라고 했던 부분이 진술을 오염시켰다는 이유 하나만으로 무혐의 처분은 정말 너무 하지 않은가요? 무혐의 처분 받은 이장이나 이장 마누라나 xx 한번 만졌을 뿐인데, 나이먹은 여자가 외로워서 자기를 유혹했다, 그러고선 1억을 요구 한다. 돈을 뜯어내려는 수작이다 라고 동네방네 소문내고 다닌답니다... 혈액 투석을 해서 팔에 힘이 없어서 가해자를 힘껏 밀쳐내지 못한 피해자를 그런식으로 보호 해 주지 못 하는 법은 아마 이런 피해자가 또 발생이 되도 똑같겠지요..
          5년동안 지속적으로 피해를 받아온 무기력해진 피해자의 진술과, 진술분석관의 일관된 진술이다 라는 주장은 받아들여지지 않고 cctv 속의 장면만으로 판단해서 피해자 용기내어 알린 피해 사실을 다시 없던 일로 만들어 버리는건가요.
          본인의 잘못을 다 인정하고 각서까지 쓴 이장의 친필 각서와, 피해자 가족들과 통화한 통화 녹음 내용도 증거로 채택하고 할머님의 진술 다시 한번 더 검토 하여 이장이 5년간 저지른 추악한 행동들에 대한 죗값 꼭 치르게 강력한 처벌 해주세요.""
          정상호기자 uma82@inews24.com
          
        "
20210123,50대,여성,2,이데일리,https://v.daum.net/v/20210123151156788,"버스 문에 롱패딩 끼어 사망..""버스기사 난폭운전 막아달라"""," 
         
           [이데일리 장구슬 기자] 시내버스에서 하차하던 승객의 겉옷이 버스 뒷문에 끼어 해당 승객이 그 자리에서 숨지는 사고가 발생한 가운데 “버스 기사의 난폭 운전을 막아달라”는 청와대 국민청원이 등장했다.
          
           
           
            버스기사의 난폭 운전을 막아달라는 청와대 국민청원이 등장했다. (사진=국민청원 홈페이지 캡처)
           
          
          
           지난 21일 한 청원인은 청와대 국민청원 게시판에 “버스기사들의 난폭운전을 막아주세요”라는 제목의 청원글을 올렸다.
          
          청원인은 지난해 12월 경남 진주에서 한 여고생이 버스에 탑승한 후 급출발과 함께 타 차량의 칼 치기로 인해 전신마비가 된 사건, 퇴근길 버스에서 내리던 여성 승객의 롱패딩이 옷자락이 뒷문에 끼어 사망한 사건 등을 언급했다.
          그는 “버스에 탄 승객이 손잡이를 잡고, 의자에 앉을 때까지 출발하지 않는 것, 승객들이 하차할 시에 문이 열림과 동시에 닫는 버튼을 누르지 않는 것. 적어도 이 두 가지 교통법안만 제정돼 시행된다면 현재보다 버스 사고가 훨씬 더 줄어 드리라 생각한다”고 말했다.
          그러면서 “급출발하지 않기, 정차 후 하차, 하차한 승객 확인 후 출발. 세 가지 버스 문화로 더 이상의 안타까운 피해자가 나오지 않길 바란다”고 덧붙였다.
          해당 청원 글엔 23일 오후 2시30분 기준 9000여 명이 넘는 사람들이 동의했다.
          한편 지난 19일 오후 8시30분께 경기 파주시 법원읍의 한 초등학교 인근 도로에서 20대 여성 A씨가 시내버스에서 하차하던 중 뒷문에 롱패딩이 끼어 그 자리에서 숨지는 사고가 발생했다.
          목격자 등에 따르면 버스기사는 A씨의 옷이 끼인 사실을 모르고 그대로 출발했고, A씨가 끌려가 넘어지면서 사고가 났다. 구조대원들이 출동했을 당시 A씨는 크게 다쳐 이미 현장에서 숨진 상태로 알려졌다.
          이 사건과 관련 경찰 관계자는 버스기사 과실 등 정확한 사고경위를 인근 폐쇄회로(CC) TV 확인 등을 통해 조사 중이다.
          장구슬 (guseul@edaily.co.kr) 
          
        "
20210123,50대,여성,3,뉴스1,https://v.daum.net/v/20210123070327505,"[사건의 재구성]""층간소음에 취업 못해""..위층 노부부 참변"," 
         
          
           
           
            © News1 이은현 디자이너
           
          
          (서울=뉴스1) 이승환 기자 = 청와대 국민청원 게시판에 지난 6일 층간소음 대책을 마련해 달라는 글이 올라왔다. 글쓴이는 ""층간소음은 살인 충동을 낳는 무서운 범죄""라고 썼다. 실제로 그랬다. 지금부터 4년10개월 전, 경기 하남에서 정말 무서운 층간소음사건이 일어났다. 
          하남시의 아파트에 거주하던 A씨(당시 33세). 학창시절 상위 10~20% 수준의 우수한 성적을 보인 그는 말수가 적고 내성적이기는 해도 학급 반장과 부반장을 맡을 정도로 대인관계가 원만했다. 
          그러나 대학 입학 후 안구건조증이 심해져 수업을 제대로 받을 수 없었던 A씨는 결국 학적에서 이름이 지워졌다. 대학 제적 후 6년간 특별한 직업이 없던 그는 은둔 생활을 하면서 컴퓨터 프로그래밍을 공부하고 나름 진로를 모색했다. 
          ""쿵광쿵광, 쿵광쿵광, 쿵광쿵광""
          그러나 집에 머물 때면 어김없이 소음이 들렸다. 가슴이 뛰고 분노가 솟구쳤다. 그 스트레스가 어느날 임계점을 넘어섰다. 그는 문을 열고 위층으로 향했다.
          아내 B씨(당시 65세)와 남편 C씨(당시 67세)가 함께 있었다. A씨는 두 사람에게 ""조용히 해달라""고 했다. B씨 부부는 ""노부부만 살고 있어 층간소음이 발생할 일이 없다""고 답했다. 
          그 대답이 A씨에게 확신을 심어줬다. ""대화로 해결될 문제가 아니다."" A씨는 인근 마트에서 흉기 2자루를 구입했다. 송파구 전자기기 매장에서 초소형 캠코더 1대도 샀다. 
          A씨는 위층 현관문 앞 천장에 캠코더를 설치했다. B씨 부부의 입력 장면을 촬영해 비밀번호를 파악했다. 
          그 즈음 A씨는 피해의식에 사로잡혔다. ""건강이 나빠지고 취업이 안되는 것도 위층 소음 때문이야."" 또래보다 사회적으로 뒤진 것도 소음 때문이라고 간주했다. 억울한 감정과 분노가 터지기 직전이었다. 
          A씨는 준비한 흉기를 소지한 채 계단 위로 걸었다. 비밀번호를 알아낸지 40여일 뒤였다. 흉기 중 하나는 손에 쥐고 다른 하나는 현관 앞에 숨겼다. 상대에게 제압돼 흉기를 빼앗길 가능성에 대비해 하나를 따로 보관한 것이다. 
          A씨는 비밀번호를 누르고 문을 열었다. 그리고 안방 침대에 있던 B씨를 발견한 뒤 소리치며 달려들었다. ""당신들 때문에 하루도 편할 날이 없다!"" A씨는 자신을 제지하던 C씨까지 마저 공격한 뒤 현장을 벗어났다. 
          B씨는 숨지고 C씨는 크게 다쳤다. A씨는 범행 하루만에 경찰에 붙잡혔다. 검거 당시 그는 인천의 한 사우나에서 잠을 자고 있었다. 
          A씨는 살인, 살인미수, 특수주거침입 혐의로 기소됐고 징역 30년을 선고받았다. 재판부는 ""현관문 비밀번호를 몰래 알아내 침입한 후 흉기를 휘두른 것은 피해자들이 도저히 예측못할 중대 범죄""라며 ""유족의 상처도 치유되지 않았다""고 양형이유를 설명했다.
          사람들은 이 사건을 '하남 층간소음 살인 사건'이라고 부른다.
          mrlee@news1.kr 
          
        "
20210123,50대,여성,4,헬스조선,https://v.daum.net/v/20210123140131112,"세균 '득실' 수세미, 어떻게 관리하세요?"," 
         
          
           
           
            물, 음식물찌꺼기와 항상 닿는 수세미에는 많은 세균이 번식하고 있다./사진=클립아트코리아
           
          
          설거지할 때 사용하는 수세미에는 많은 세균이 번식하고 있다. 설거지 후 물로 씻어 보관한다고 해도, 이후에 설거지를 하면서 물, 음식물 찌꺼기 등과 계속해서 닿기 때문이다. 세계보건기구(WHO) 발표에 따르면, 수세미는 집에서 사용하는 물건 중 황색포도상구균(식중독을 일으키는 세균)이 장난감에 이어 두 번째로 많았다. 세균 번식을 막기 위해서는 수세미를 언제 교체하고 어떻게 소독해 사용해야 할까. 수세미 관리법에 대해 알아본다.
          수세미 교체 주기는 한 달이 적당하다. 그러나 주기적으로 소독해 사용한다면 한 달보다 더 오래 사용할 수 있다. 살균을 위해서는 수세미를 물에 담근 후 전자레인지에 2분 이상 돌리면 된다. 해외 연구 결과 수세미를 전자레인지에 돌린 후 2분 만에 세균이 99% 이상 죽었으며, 대장균 또한 30초 만에 사라졌다. 다만, 스테인리스 스틸로 만들어진 수세미는 전자파를 반사해 불꽃을 일으킬 수 있으므로 전자레인지에 돌리면 안 된다. 스테인리스 재질의 수세미는 100도 이상 끓는 물에 10분 정도 삶아내면 소독 효과를 볼 수 있다.
          아크릴·면 소재 수세미는 물에 베이킹소다와 식초를 섞어 소독하도록 한다. 물과 베이킹소다, 식초를 각각 1대 1대 1 비율로 섞은 후, 소독할 수세미와 함께 비닐봉지에 넣고 주무르기만 하면 된다. 소독이 끝난 수세미는 반드시 물에 헹궈 사용해야 한다. 이 방법은 칫솔, 행주를 소독할 때도 사용할 수 있다. 
          수세미 소독은 일주일에 한 번씩 하면 좋다. 소독 후에는 세균 번식을 막기 위해 통풍이 잘되는 곳에 말려야 한다. 평소 수세미 사용 후에도 마찬가지다.
          한편, 수세미를 구매할 때는 두께가 얇은 수세미를 선택하는 게 좋다. 두께가 얇은 수세미는 건조가 빠른 만큼, 세균 번식이 적기 때문이다. 
          
        "
20210123,50대,여성,5,헬스조선,https://v.daum.net/v/20210123200016675,소변 '조금' 마려운데.. 참을까? 화장실 갈까?," 
         
          
           
           
            과민성방광 환자는 소변이 마려울 때마다 바로 화장실에 가는 습관을 고쳐야 한다./클립아트코리아
           
          
          소변이 자주 마렵고, 조금만 마려워도 화장실에 가야 한다는 사람들이 있다. 과민성방광 환자들이다. 과민성방광이 있을 때 소변은 참는 게 좋을까, 바로 볼일을 보는 게 좋을까?
          과민성방광 환자라면 화장실에 자주 안 가도록 노력해야 한다. 소변이 마려울 때마다 화장실에 가버릇하면 방광에 소변이 많이 안 찼을 때에도 요의가 심해질 수 있다. 평소에 화장실에 가는 시간을 체크해두고, 그 간격을 서서히 늘려보는 게 도움이 된다. 또, 하루에 소변을 보는 횟수를 7회 이내로 줄이는 걸 목표로 두면 좋다.
          카페인과 알코올 섭취를 줄이는 것도 중요하다. 카페인과 알코올은 방광을 자극해 소변량이 많지 않은데도 배출해야 한다는 잘못된 신호를 보낸다. 과체중이거나 비만이 되지 않게 체중 관리를 하는 것도 도움이 된다. 체중이 방광에 압력을 주면 방광에 소변이 충분히 차지 않아도 요의가 생길 수 있다.
          반대로 과민성방광이 아닌 사람이라면 소변이 마려우면 바로 화장실에 가도록 한다. 소변을 참다 보면 방광염으로 이어질 수 있다.
          
        "
20210123,20대,남성,1,오마이뉴스,https://v.daum.net/v/20210123110600779,"""저는 죽은 것 같아요"" 대통령에게 공개서한 보낸 대학생"," 
         
          [목수정 기자]
          2020년은 1945년 이후 프랑스에서 가장 적은 수의 아이가 태어난 해였다.
          3-5월과 11월, 두 차례에 걸친 이동통제령이 사람들을 집안에 가두어, 더 많은 아이가 생겨나게 되지 않을까 하는 예측도 있었으나 결과는 정반대였다. 젊은이들은 미래를 예측할 수 없는 세상에서 자손 낳기를 주저했다. 지난 한 해, 74만 명의 아이가 태어났다. 전 해에 비하면 1만 3천 명이 줄어든 숫자이며, 10년 전과 비교하면 약 8만 8천명이 줄었다. 출산율은 1.84를 기록, 전년 대비 0.2 떨어졌다.
          출산율 1.84
          1993년 1.73의 출산율(74만 800명)로 최저점을 찍은 후 프랑스는 줄곧 출산율 상승세를 보이며, 2006-2014년엔 출산율 2를 넘어서는 유럽 내 출산대국으로 자리매김 해왔다. 여전히 유럽에 가장 높은 수준의 출산율을 기록하고 있지만, 6년 전부터 꾸준히 하락세를 보여 왔던 것도 사실이다. 출산율의 점진적 하락세는 유럽전역에서 공통적으로 목격되는 추세이기도 하다.
          최근의 하락 추세 외에도 코로나19라는 초유의 역병이 출산율 하락에 영향을 미쳤다. 당장, 지난 한 해 이뤄진 결혼식 수는 34% 감소했다. 총 14만 8천 커플이 결혼식을 올렸고, 이 가운데 4천 건은 동성 커플의 결혼이었다. 완만한 하강곡선을 그려오던 결혼과 달리 주례나 증인을 필요로 하지 않는 간소한 절차인 시민연대계약(PACS)을 한 커플은 지난 20년간 수치가 지속적으로 상승해왔고, 2020년 숫자는 아직 집계되지 않았으나 결혼식 건수를 넘어설 것으로 예측된다.
          
            
          
          
           
            
             
              
               
                
            
            
             ▲  프랑스의 연간 출생아 그래프  
            
            
             ⓒ INSEE (통계청) 
             
           
          
          
            
           비혼 커플에게서 태어나는 아이들의 숫자가 절반이 넘는 프랑스 풍토상, 결혼식 여부 자체가 자녀 출산을 방해하는 요소가 되지는 않는다. 그러나, 줄어든 결혼식에서 보이는 것처럼 상대적으로 적은 수가 가정을 꾸릴 계획을 세웠으리란 점은 짐작 가능한 일이다. 젊은이들은 시계 제로 속의 코로나 정국에서 자녀를 낳아 기르는 계획은커녕 당장 학업과 삶의 의미 찾기 자체를 단념하고, 길을 잃고 있다.
          
          청년 30% 우울한 상태 
          프랑스공공의료연구소(Santé Publique France)가 실시한 최근 연구(2020.12.18 발표)에 따르면, 지난해 9월부터 2차 이동통제령이 실시된 11월 사이, 우울한 상태에 있다고 답한 프랑스인은 9월 11%에서 23%로 늘었다. 특히 18-25세 청년들 중 30%, 25-34세 청년들 중 25%가 우울증 상태다. 학교에 등교해 한 반 15명씩 앉아 수업을 이어온 청소년 층에 비해 전면 비대면으로 수업을 받은 대학생들의 우울과 무기력은 심각한 단계에 이르렀다.
          
           특히 2주 전 2명의 대학생 자살 소식은 그들의 몸을 일으켜 세우는 역할을 했다. 극단적 선택을 한 학생들의 모습에서 자신들의 모습을 본 듯했다. 지난 20일에는 전국의 대학들이 소재하는 주요 도시(파리, 릴, 툴루즈, 렌, 리옹, 스트라스부르, 그르노블 등)에서 일제히 학생시위가 열렸다.
            
          
          
           
            
             
              
               
                
            
            
             ▲  2021년 1월 21일 프랑스 전역에서 대면 수업 재개를 요구하는 대학생들의 시위가 일어났다. 파리 시내를 행진하는 대학생들.  
            
            
             ⓒ RT France 화면 캡처 
             
           
          
          
            
           전국대학생연합(UNEF)을 비롯 각 정당의 대학생 조직들이 빠짐없이 깃발을 들고 참여한 이날 집회에서 그들이 주장한 것은 두 가지였다. 첫째는 대학은 문을 활짝 열라, 교수와 교우들을 직접 만나 수업하겠다는 것이었고, 두 번째는 우울증과 열악한 생존 조건으로부터 청년들을 구하라는 것이다.
          
          ""저에겐 더 이상 꿈이 없습니다""
          이날 집회에 참석한 스트라스부르 대학 2학년 알리스는 ""인터넷으로 진행되는 수업만 듣다 보니, 텅 비어 있다고 느낀다""고 자신의 감정을 설명했다. 그는 자신이 미래에 일하고자 하는 항공분야가 보건 위기 속에서 심한 타격을 받은 현실을 목격하며 길을 잃었다면서 대학생들은 정부에 의해 방치되고 잊힌 존재처럼 느껴진다고도 했다.
          또 다른 참석자 조에는 더 이상 원거리 수업을 지속적으로 따라갈 동기를 느끼지 못한다며, 학업의 의미 자체가 점점 희미해져 간다고 고백했다.
          ""나는 대학에 와서 내 생각을 다른 사람들과 만나 부딪히며 건설해 나가기를 바랐다. 그러나 지금 우리는 모든 도구를 빼앗겼다. 우리는 미래를 전망할 수도 없고, 방안에 고립돼 죽음에 대해 생각하게 된다. 이런 내 상태를 자각하며, 급히 정신 상담을 받으러 갔다.""
          학생들과 함께 집회에 참석한 교수 니콜라 뿔랑은 ""점점 더 많은 학생들이 내면의 세계에 갇히고 있고, 고민을 털어놓는 학생들의 메일을 팬데믹 초기보다 연말에 더 많이 받고 있다""라며 ""지난 시험에서 여러 학생이 백지를 제출했고, 그 중엔 뛰어난 학생들도 있었다""고 말한다. 그는 교수들은 심리학자나 사회복지사가 아니므로, 그들을 도울 방법을 잘 알지 못한다고 덧붙였다.
          
           1년이 지나도록 아무것도 달라지지 않은 상황에서 청년들은 세상을 향해 구조 요청 신호를 보내고 있다.
            
          
          
           ""대통령님, 저는 19살입니다. 저는 제가 죽은 것 같다고 느낍니다. 저는 공부를 해야 할 나이입니다. 이것이 세상이 우리에게 요구하는 모든 것입니다. 세상이 우리에게 허락해주는 유일한 것이기도 합니다. 저는 19살이고, 제 책상과 제 방을 가지고 있습니다. 그곳은 저의 휴식 공간이기도 하며, 전화하고, 영화 보며, 요리도 하는 공간입니다. 모든 것이 제 머릿속에서 혼란스럽게 엉킵니다. 수업은 제 방에서 이뤄지고, 제 방이 바로 제 교실입니다. 문제는, 저에게 더 이상 꿈이 없다는 겁니다. 모든 저의 프로젝트들은 하나둘 사라져 가고 있습니다.""
          
          
            
          
          
           
            
             
              
               
                
            
            
             ▲  2021년 한 여대생(스트라스부르 시앙스포, 하이디 수폴트)이 대통령에게 보낸 공개편지.  
            
            
             ⓒ 자료사진 
             
           
          
          
            
           실존적 위기에 처한 자신의 모습을 절절히 담은 대학생(스트라스부르 시앙스포, 하이디 수폴트)이 1월 12일, 페이스북과 학교신문을 통해 마크롱 대통령에게 보낸 공개 서한의 한 대목이다. 마크롱 대통령은 이에 대해 15일 ""청년의 분노를 이해한다. 정부가 애쓰고 있으니, 조금만 더 노력하자"" 라는 취지의 답변을 보냈다.
          
          이어, 학생들의 집회가 열린 다음날인 21일, 마크롱은 청년들의 절규에 대해 몇 가지 대안을 급히 내놓았다. 1유로로 하루 두 끼를 먹을 수 있는 구내식당 쿠폰, 1주일에 적어도 하루는 학교에서 진행하는 대면수업 참가, 심리적 문제가 생겼을 때 사용할 수 있는 심리상담 수표 발행 등이 그것이다.
          ""없는 것보다야 낫겠지만 그것으로 유령이 되어버린 우리 세대를 달랠 순 없을 거예요… 내 친구들 대부분은 집회에도 나오지 않았어요. 걔들은 더 이상 아무것도 믿지 않게 된 거죠. 마크롱이나 카스텍스(총리)가 제시하는 그 사이비 조치로 우리가 다시 살아있다 느끼게 하긴 힘들 거예요.""
          
           리옹 2대학에 다니는 메디의 평이다.
            
          
          
           
            
             
              
               
                
            
            
             ▲  마크롱 프랑스 대통령이 21일(현지시간) 파리 서쪽 오르세에 있는 파리 사클레 대학의 나노과학 및 나노테크놀로지 센터를 찾아 대학생들과 대화하고 있다.  
            
            
             ⓒ 연합뉴스 
             
           
          
          
           집회를 마치고 강당에 모여 가진 총회에서 다수의 학생들은 ""작금의 위기는 보건위기이기 보다, 민주적 방식을 상실한 정치적 위기""라는데 뜻을 모았다. 적어도 그들에게 정부가 유일한 출구로 제시하고 있는 백신은 현실의 문제를 타개할 대안도, 해법도 되지 못하는 듯하다.
          
          ""학생들은 아직 살아있다. 그러나 언제까지 우리가 살아있을까?""
          스트라스부르에서 열린 집회에서 학생들이 들고 있던 현수막의 내용이다.
          
        "
20210123,20대,남성,2,이데일리,https://v.daum.net/v/20210123151156788,"버스 문에 롱패딩 끼어 사망..""버스기사 난폭운전 막아달라"""," 
         
           [이데일리 장구슬 기자] 시내버스에서 하차하던 승객의 겉옷이 버스 뒷문에 끼어 해당 승객이 그 자리에서 숨지는 사고가 발생한 가운데 “버스 기사의 난폭 운전을 막아달라”는 청와대 국민청원이 등장했다.
          
           
           
            버스기사의 난폭 운전을 막아달라는 청와대 국민청원이 등장했다. (사진=국민청원 홈페이지 캡처)
           
          
          
           지난 21일 한 청원인은 청와대 국민청원 게시판에 “버스기사들의 난폭운전을 막아주세요”라는 제목의 청원글을 올렸다.
          
          청원인은 지난해 12월 경남 진주에서 한 여고생이 버스에 탑승한 후 급출발과 함께 타 차량의 칼 치기로 인해 전신마비가 된 사건, 퇴근길 버스에서 내리던 여성 승객의 롱패딩이 옷자락이 뒷문에 끼어 사망한 사건 등을 언급했다.
          그는 “버스에 탄 승객이 손잡이를 잡고, 의자에 앉을 때까지 출발하지 않는 것, 승객들이 하차할 시에 문이 열림과 동시에 닫는 버튼을 누르지 않는 것. 적어도 이 두 가지 교통법안만 제정돼 시행된다면 현재보다 버스 사고가 훨씬 더 줄어 드리라 생각한다”고 말했다.
          그러면서 “급출발하지 않기, 정차 후 하차, 하차한 승객 확인 후 출발. 세 가지 버스 문화로 더 이상의 안타까운 피해자가 나오지 않길 바란다”고 덧붙였다.
          해당 청원 글엔 23일 오후 2시30분 기준 9000여 명이 넘는 사람들이 동의했다.
          한편 지난 19일 오후 8시30분께 경기 파주시 법원읍의 한 초등학교 인근 도로에서 20대 여성 A씨가 시내버스에서 하차하던 중 뒷문에 롱패딩이 끼어 그 자리에서 숨지는 사고가 발생했다.
          목격자 등에 따르면 버스기사는 A씨의 옷이 끼인 사실을 모르고 그대로 출발했고, A씨가 끌려가 넘어지면서 사고가 났다. 구조대원들이 출동했을 당시 A씨는 크게 다쳐 이미 현장에서 숨진 상태로 알려졌다.
          이 사건과 관련 경찰 관계자는 버스기사 과실 등 정확한 사고경위를 인근 폐쇄회로(CC) TV 확인 등을 통해 조사 중이다.
          장구슬 (guseul@edaily.co.kr) 
          
        "
20210123,20대,남성,3,조선일보,https://v.daum.net/v/20210123140035090,[단독]알몸으로 베란다 감금.. 살인으로 끝난 '잔혹한 동거'," 
         
          
           
           
            일러스트=정다운
           
          
          지난 13일 청각·언어 장애인 A(23)씨가 수의(囚衣)를 입고 법정에 섰다. 재판장이 “국민 참여 재판을 원하느냐”고 묻자, A씨는 수어(手語)로 “내용이 이해되지 않는다”고 답했다.
          A씨 변호인은 “피고인 지적 능력으론 국민 참여 재판 제도를 이해하지 못한다”고 했다. 듣지도 말하지도 못하는 데다 지적 능력까지 떨어지는 A씨가 법정에 선 이유는 같은 청각·언어 장애인 B(사망 당시 19세)씨를 살해했기 때문이다. 친형제처럼 지내던 A씨와 B씨가 함께 살던 4개월 동안 무슨 일이 벌어진 걸까.
          ◇“사회생활 잘 배우라”고 보냈는데…
          A씨와 B씨는 농아 학교를 함께 다녔다. 졸업한 뒤 진로는 갈렸다. A씨는 지난해부터 전북 정읍에서 직장 생활을 시작했다. B씨는 경기도에 있는 한 대학에 진학했다. B씨는 코로나 바이러스로 대학 수업이 비대면 방식으로 이뤄지자 부모가 살고 있는 경남으로 내려와 생활했다.
          그러던 중 A씨와 B씨는 지인들과 함께 제주도 여행을 떠났다. 여행을 하면서 두 사람 관계는 더욱 돈독해졌다. 여행에서 돌아온 뒤에는 친형제처럼 지냈다고 한다. A씨가 B씨 부모가 살고 있는 집을 찾아 인사하고 갈 정도였다.
          당시 A씨는 B씨 부모와 많은 대화를 나눴다. B씨 부모는 “청각과 언어 중복 장애인인데 취업에 성공해 사회 생활을 하는 게 장하다”며 A씨를 격려했다. 이들은 “아들과 함께 지내면서 공부를 도와주고, 사회 생활 잘 할 수 있는 방법도 가르쳐달라”며 자신의 아들을 A씨에게 맡겼다.
          
           
           
            일러스트=정다운
           
          
          ◇수시로 폭행, 집안에는 감시용 CCTV 설치
          A씨와 B씨의 ‘동거’는 지난해 7월 시작됐다. 두 사람은 A씨가 살던 전북 정읍시 한 원룸에서 함께 생활했다. ‘거짓말 안 하기’ ‘행동을 똑바로 하기’ ‘밥을 아껴서 먹기’ ‘과제와 공부 성실히 하기’ 등 35개 항목으로 이뤄진 생활 규칙도 만들었다. 대부분 B씨가 지켜야 할 내용이었다.
          동거 초기만 해도 B씨가 35개 항목을 지키지 못하면, A씨는 수어를 통해 B씨를 타일렀다. B씨가 생활 규칙을 어기는 일이 반복되자 A씨는 불만이 쌓여갔다. 동거 생활 두 달여 만인 지난해 9월 중순, 결국 불만이 폭발했다. B씨에게 심부름을 시켰는데 전혀 다른 것을 사오자 A씨는 화가 치솟아 손찌검을 했다.
          처음엔 주먹으로 B씨 얼굴과 머리를 때렸지만, 갈수록 폭력 강도가 높아졌다. 온몸을 발로 밟았고, 시도 때도 없이 폭행했다. B씨에게 옷을 벗도록 지시한 뒤 베란다로 내몰기도 했다. 방에 들어오지 못한 B씨가 베란다에서 잠을 잔 날도 많았다고 한다.
          A씨는 집 안에 폐쇄회로(CC)TV 카메라를 설치해 B씨 일거수일투족을 감시했다. 생활 수칙을 어기면 먹을 것을 주지 않기도 했다. 이런 가혹 행위는 두 달 가까이 이어졌다. B씨는 얼굴을 포함, 온 몸에 멍이 들었다. 몸무게가 급격히 줄어 건강 상태가 크게 나빠졌지만, A씨는 B씨를 병원에 데려가지도 않고 폭행 강도를 점점 높였다.
          
           
           
            폭행을 이미지화 한 일러스트. /뉴시스
           
          
          ◇베란다 방치해 숨지자 “나는 모르는 일”
          B씨가 숨지기 3일 전인 지난해 11월 12일, A씨는 자정이 가까운 시간에 B씨를 알몸 상태로 베란다로 쫓아냈다. “대학 과제와 공부를 하지 않았다”는 이유를 들어 주먹과 발, 둔기까지 동원해 B씨를 마구 때렸다. ‘베란다 감금’은 11월 14일 새벽 4시 20분까지 29시간 계속됐다. 당시 정읍 지역은 아침 최저 기온이 영상 3도에 그치는 추운 날씨였다.
          A씨는 그날 저녁 7시쯤 다시 B씨를 알몸 상태로 베란다로 내몰았다. 다음날인 11월 15일 새벽 3시 10분까지 둔기로 B씨 머리와 온몸을 여러 차례 때렸다. B씨가 바닥에 쓰러지자, A씨는 정신 차리라며 코와 입에 호스를 대고 물을 뿌리기도 했다. B씨는 끝내 의식을 회복하지 못하고 숨졌다.
          A씨는 B씨가 숨을 쉬지 않자 ‘급해요. 후배가 안 좋아서요. 갑자기 안 일어났어요’라는 문자 메시지를 119에 보냈다. A씨는 119 대원과 함께 출동한 경찰에게 현장에서 긴급 체포됐다.
          A씨는 범행 혐의를 완강히 부인했다. 하지만 자신이 집 안에 설치한 CCTV가 ‘결정적 증거’가 됐다. 경찰이 촬영된 영상을 증거로 제시하자 고개를 떨구며 범행을 인정했다. 경찰 조사에서 A씨는 “B씨를 살해할 의도는 없었다”고 주장했다. 검찰은 A씨가 저지른 살인에 미필적 고의가 있다고 보고, 살인죄를 적용해 재판에 넘겼다.
          
        "
20210123,20대,남성,4,조선일보,https://v.daum.net/v/20210123030223664,장려금만 먹고 튀었다? 출산율 1위 '해남의 기적' 끝난 이유," 
         
          ‘해남의 기적.’ 한때 다른 지자체 공무원들이 전남 해남군의 출산 장려 정책을 이렇게 일컬었다. 얼마 전까지 해남은 ‘저출산 해결 모범 사례’로 불렸다. 2012년부터 7년간 전국 지자체 합계 출산율 1위. 2016년 보건복지부 ‘인구의 날' 기념식에서 대통령상까지 받았다. 전국 150여 지자체가 해남 사례를 벤치마킹했다.
          그랬던 해남이 심상치 않다. 지난해 발표된 2019년 합계 출산율에서 1.89명을 기록하며 전남 영광군에 1위 자리를 내줬다. 여전히 전국 평균(0.92명)보다 두 배가량 높지만, 2015년 출산율(2.46명)에 비하면 확연히 낮아졌다. 그사이 7만6194명이던 군 인구는 6만8806명으로 7000명 넘게 줄었다. 한국고용정보원이 발표하는 ‘인구소멸 위험 지역’ 중 하나가 됐다. 무슨 일이 있었던 걸까.
          
           
           
            전국 합계출산율과 해남군 출산율. /그래픽=양진경 기자
           
          
          ◇출산율 저하… 현금 지원 밀려서?
          해남군의 출산율 증가는 대대적인 출산 지원 정책 도입 이후 일어났다. 해남군은 2008년 전국 최초로 출산장려팀을 신설했다. 2012년부터는 첫째 아이 300만원, 둘째 350만원, 셋째 600만원, 넷째 이상은 720만원 등 당시 기준 최고 수준의 출산 장려금을 지급했다. 처음 출산장려금을 도입한 2005년 1.44명이었던 출산율은 2015년 2.46명까지 올랐다.
          현금성 지원을 앞세워 출산율을 높이는 데는 성공했지만, 곧 경쟁자들이 따라붙었다. 인구 감소 속도가 빠른 경북 북부 지역이 대표적이다. 경북 영덕군이 2017년부터 첫째 아이에게 출산장려금 480만원을 지급하기로 했고, 봉화군은 2018년 첫째 아이 기준 전국 최고 금액인 700만원을 약속했다.
          최근에는 셋째 아이를 낳으면 최대 1억원을 지원하겠다는 지자체까지 나왔다. 경남 창원시는 결혼하는 부부에게 1억원까지 ‘결혼드림론’을 지원하고, 10년 안에 셋째 아이를 낳으면 대출금 전액을 제해준다. 충북 제천시도 셋째 아이를 낳으면 주택자금 대출 5150만원을 대신 갚아준다.
          2019년 해남군을 제치고 출산율 1위(2.54명)를 차지한 영광군의 비결도 ‘화끈한 지원’이었다. 영광군은 신혼부부에게 장려금 500만원을 준다. 첫째 아이 500만원, 둘째 1200만원, 셋째~다섯째 3000만원, 여섯째 이상에는 3500만원을 지급한다. 이외에도 신생아 양육비, 신혼부부 건강검진, 임신부 교통카드, 출산용품, 난임부부 시술비 등 각종 지원책을 마련하는 데 매년 45억원을 쓴다.
          반면 해남의 출산장려금은 9년째 그대로다. 도입 당시만 해도 전남 22개 시군구 중 최고액이었지만, 지금은 중간으로 밀려났다. 같은 도내에 있는 광양시, 영광군, 진도군 등은 첫째 아이 기준 500만원을 주고 있다. 해남군 관계자는 “재정 여유가 있는 지자체만큼 장려금을 올리기는 어렵다”면서 “대신 출산 용품 등을 지원하고 있다”했다. 해남군의 재정자립도는 지난해 기준 7.4%로, 전국 군 단위 기초지자체 평균(17.3%)에 한참 못 미친다.
          다른 지자체와의 경쟁에서 밀리는 동안 해남에서 태어나는 아이는 급격히 줄고 있다. 2015년 해남에서 태어난 신생아 수는 839명이었지만, 2019년에는 490명으로 4년 사이 42% 정도 줄었다.
          ◇장려금만 받고 떠나는 ‘먹튀’ 출산자
          전국 지자체의 출산장려금 지급액은 매년 증가 추세다. 보건복지부에 따르면, 2020년 전국 광역·기초 지방자치단체가 지출한 출산지원금은 약 3822억원. 전년(약 2827억원) 대비 35%가량 올랐다.
          늘어나는 출산 장려금과 반대로 대한민국의 합계 출산율은 매년 감소 추세다. 정재훈 서울여대 사회복지학과 교수는 “지자체에서 주는 출산장려금은 출산 인구를 두고 인근 지자체와 경쟁하는 ‘제로섬 게임’에 불과해 국가 차원에선 큰 도움이 안 된다”고 했다. 출산장려금 정책이 국가 전체 출산율을 높이기보다는 인근 지역 인구를 뺏어온다는 얘기다.
          지원금만 받고 지역을 떠나는 ‘먹튀’도 문제다. 전남도의회 우승희 의원에 따르면 2017년까지 5년 동안 전남 지역에서 출산장려금만 받고 떠난 ‘먹튀 출산자’는 1584명. 지자체들은 이를 방지하기 위해 지원금을 2~3년에 나눠 지급하고 있지만, 지원 기간이 끝난 뒤 이사하는 것까지 막을 방법은 없다. 통계청에 따르면 2013년 해남군의 0세 인구는 797명이었지만, 6년이 지난 2019년 6세 아동 수는 426명이었다. 2013년 출생한 아이들 중 47% 정도가 6년 안에 해남군을 떠난 것이다.
          육아정책연구소 양미선 연구위원의 2019년 조사에 따르면, 전국 226개 지자체 출산 정책 담당 공무원 중 81.1%가 ‘현금지원사업 확대에 문제가 있다’고 했다. 이들은 현금 위주 사업의 효과가 낮거나 없고(69.6%), 지자체 간 과다 경쟁만 지속된다(66.0%)는 점을 문제로 꼽았다.
          전문가들은 지자체들의 과도한 현금성 지원 경쟁은 문제라고 지적한다. 정재훈 교수는 “현금 지원은 중앙 정부에 맡기고, 지자체는 아이가 떠나지 않도록 지역 일자리 창출과 인프라 구축에 집중하는 게 옳다”고 했다. 하지만 중앙 정부가 지난해 12월 발표한 ‘4차 저출산·고령사회 기본계획'에 지자체별 출산장려금 통합 방안은 담기지 않았다.
          ‘출산율에 너무 집착하지 말아야 한다’는 의견도 있다. 이삼식 한양대 고령사회연구원장(정책학과 교수)은 “통계로 나오는 출산율은 산모 수가 적은 농촌 지역이 높게 나오는데, 실제로는 이들 지역 인구가 급격히 줄고 있다”고 했다. 2019년 출산율 1위 영광군에서 태어난 아이는 570명이었다. 상대적으로 비율이 높았을 뿐, 전체 군민 수는 매년 감소세다. 2020년 영광군 인구는 5만3099명으로 전년(5만3852명) 대비 700명 넘게 줄었다. 이 원장은 “무의미한 출산율 경쟁을 멈추고, 대신 체감 가능한 ‘살기 좋은 환경’ 조성에 힘써야 한다”고 했다.
          
        "
20210123,20대,남성,5,아이뉴스24,https://v.daum.net/v/20210123190659151,"""85세 할머니 성폭행에도 무혐의""..법 바꿔 처벌하라 '국민청원'"," 
         
          
           
           
            '궁금한 이야기 Y' [SBS 방송 캡처]
           
          
           [아이뉴스24 정상호 기자] SBS 시사프로그램 ‘궁금한 이야기 Y’가 마을 이장에게 성폭행을 당한 85세 노인의 사연을 방송한 후 관련 법을 바꿔달라는 국민청원이 올라왔다. 지난 22일 방송된 '궁금한 이야기 Y'에서는 85세 할머니가 마을이장에게 지속적으로 성추행 및 성폭행을 당한 사건이 소개됐다.
          할머니는 오래전부터 앓던 질환과 수술로 인해 팔이 아파 박 씨의 추행을 막지 못했다. 무기력한 할머니를 두고 이장은 ""노인네가 남자가 그립다고 했다""며 ""돈을 노린 것""이라고 주장했다.
          사건은 불기소 무혐의로 처리됐으며 피해자인 할머니는 60여년간 살았던 정든 마을을 떠날 것으로 알려졌다.
          해당 방송 이후 이장의 죄를 처벌해 달라는 국민청원까지 등장했다.
          청원인은 ""시골마을 27가구 할머니의 악몽 김순임(가명) 할머니가 당하셨던 일을 단순히 피해자가 저항 하지 않았다는 이유만으로 정황상 증거가 아닌 명백한 cctv로 남겨진 사실적 증거와, 가해자가 직접 자필로 작성한 각서를 증거로 인정하지 않고 불기소 무혐의 처분한 법의 제도를 개선 시켜 달라""고 주장했다.
          이어 ""신장 질환이 심각해져 큰 수술까지 받고, 아직까지 주기적으로 투석을 받고 있는 아픈 몸 상태의 노령 환자를 제 마음대로 짓밟고, 본인이 저지를 일을 다 시인하고 인정하고 각서까지 썼는데 이게 어떻게 무혐의 처분으로 법의 심판을 받지 않을 수 있는건가요? 검,경찰, 재판의 결과를 내린 판사님도 본인의 어머니가 저런 일을 당해도 똑같은 결과를 낼 수 있을까""라며 """"제발 다시 재수사 하고, 할머님의 번복되지 않은 일관된 진술을 재검토 해서 꼭 처벌 받게 해달라""고 강조했다.
          23일 현재 이 청원문은 1만825명의 동의를 얻은 상태다.
          이하 청원글 전문
          ""85세 할머니가 당한 성폭행, 성추행을 불기소 무혐의 처분한 법을 바꿔 주세요궁금한 xx기 y 529회차에 방영 됐던 시골마을 27가구 할머니의 악몽 김순임(가명) 할머니가 당하셨던 일을 단순히 피해자가 저항 하지 않았다는 이유만으로 정황상 증거가 아닌 명백한 cctv로 남겨진 사실적 증거와, 가해자가 직접 자필로 작성한 각서를 증거로 인정하지 않고 불기소 무혐의 처분한 법의 제도를 개선 시켜 주세요.
          신장 질환이 심각해져 큰 수술까지 받고, 아직까지 주기적으로 투석을 받고 있는 아픈 몸 상태의 노령 환자를 제 마음대로 짓밟고, 본인이 저지를 일을 다 시인하고 인정하고 각서까지 썼는데 이게 어떻게 무혐의 처분으로 법의 심판을 받지 않을 수 있는건가요? 검,경찰, 재판의 결과를 내린 판사님도 본인의 어머니가 저런 일을 당해도 똑같은 결과를 낼 수 있을까요?제발 다시 재수사 하고, 할머님의 번복되지 않은 일관된 진술을 재검토 해서 꼭 처벌 받게 해주세요..
          5년동안 지속적으로 당해와서 무기력해진 피해자를 구제 해 주지 못하는 법의 허술함이 너무 안타깝고 답답합니다.
          연세 드신분이 진술하는 과정에서 따님분이 도와주려고 강력하게 어필하라고 했던 부분이 진술을 오염시켰다는 이유 하나만으로 무혐의 처분은 정말 너무 하지 않은가요? 무혐의 처분 받은 이장이나 이장 마누라나 xx 한번 만졌을 뿐인데, 나이먹은 여자가 외로워서 자기를 유혹했다, 그러고선 1억을 요구 한다. 돈을 뜯어내려는 수작이다 라고 동네방네 소문내고 다닌답니다... 혈액 투석을 해서 팔에 힘이 없어서 가해자를 힘껏 밀쳐내지 못한 피해자를 그런식으로 보호 해 주지 못 하는 법은 아마 이런 피해자가 또 발생이 되도 똑같겠지요..
          5년동안 지속적으로 피해를 받아온 무기력해진 피해자의 진술과, 진술분석관의 일관된 진술이다 라는 주장은 받아들여지지 않고 cctv 속의 장면만으로 판단해서 피해자 용기내어 알린 피해 사실을 다시 없던 일로 만들어 버리는건가요.
          본인의 잘못을 다 인정하고 각서까지 쓴 이장의 친필 각서와, 피해자 가족들과 통화한 통화 녹음 내용도 증거로 채택하고 할머님의 진술 다시 한번 더 검토 하여 이장이 5년간 저지른 추악한 행동들에 대한 죗값 꼭 치르게 강력한 처벌 해주세요.""
          정상호기자 uma82@inews24.com
          
        "
20210123,30대,남성,1,미디어오늘,https://v.daum.net/v/20210123135331015,"""'주4일제' 도입은 시간문제일 뿐이다"""," 
         
          [인터뷰] 조정훈 시대전환 의원 ""생산성 높이는 방안 익숙해져야 지속가능""…""기본소득으로 쿠션 깔아줘야""
          [미디어오늘 장슬기 기자]
          조정훈 시대전환 의원은 지난해 12월 “주5일제 도입 16년이 지났다”며 주4일제 논의 필요성을 언급했다. 
          노동시간 단축이 시대흐름이라는 공감 의견과 현재 주5일제도 제대로 안 지켜진다는 비판이 나오는 가운데 조선일보는 연초 이틀에 걸쳐 '주52시간 신음하는 中企(중소기업)'을 주제로 노동시간 단축의 부작용을 다룬 기획기사를 보도했다. 
          중소기업의 경우 노동시간을 줄이면 노동자들은 연장근무 수당이 줄어들어 생계에 위협이 되며 경영진 입장에선 인건비 부담이 늘고 숙련공이 떠나는 등의 부담이 있다는 내용이다. 
          이미 주4일제를 도입한 사업장이 있지만 여전히 노동시간 단축이나 주4일제에 부정적인 면을 강조하는 여론이 우세하다. 미디어오늘은 21일 국회에서 주4일제를 화두로 꺼낸 조 의원을 만났다. 조 의원은 “주4일제는 도입되는데 시간문제일 것으로 본다”고 전제한 뒤 일단 주4일제 입장 차를 이해하기 위해 세 그룹으로 나눠보자고 말했다. 
          
           
           
            ▲ 조정훈 시대전환 의원. 사진=조정훈 의원실
           
          
          
           주4일제를 보는 세가지 시선
          
          첫째 그룹은 신세계, SK, 에듀윌, 엔씨소프트 등 이미 주4일제를 시행해 본 기업들이다. 조 의원은 “지방의 중소기업에도 주4일제를 하는 곳이 적지 않다”며 “서울 거주자가 월요일 아침에 회사로 가 목요일 저녁에 퇴근하고 서울에 가면 지방에는 3일 있고 서울에 4일 머물게 된다”고 말했다. 미국인사관리협회 2019년 통계를 보면 미국 전체기업 중 27%가 주4일제를 도입했고, 마이크로소프트 일본지사에서 주4일제를 실시했더니 생산성이 약 40% 증가했다는 사례도 나왔다. 
          두 번째 그룹은 주4일제를 고민하는 이들이다. 현재 주5일제를 안정적으로 시행하는 상당수 기업을 말한다. 조 의원은 “주4일제 좋은 건 알겠는데 생산성이 올라갈까, 인건비가 올라가는 거 아닐까 우려하는 기업들”이라며 “주6일제에서 주5일제로 갈 때 조직노동(양대노총 등)이 임금문제 등으로 반대했는데 이러한 경계심이 있는 중간그룹”이라고 말했다. 이미 주4일제를 겪어본 이들의 사례를 널리 알리는 게 필요한 이유다.
          세 번째 그룹은 쉬는 것보다 돈을 더 버는 게 좋다거나 필요하다고 생각하는 이들이다. 여기에는 노동법상 노동자로 간주되지 않는 플랫폼노동자, 특수고용종사자 등도 포함한다. 조선일보에서 집중해 다룬 중소기업, 특히 제조업 등 공장노동자들의 경우 노동시간을 늘릴수록 수당이 붙기 때문에 노동시간 단축을 달가워하지 않을 수 있다. 
          조 의원은 “조선일보 보도도 그렇고 주4일제 논의가 나올 때 반대논리도 대부분 이 세 번째 그룹에서 나오는 이야기들”이라며 “주5일제를 2004년부터 시행했지만 지금도 5인 미만 사업장에선 주6일제가 많다”고 설명한 뒤 “주4일제를 말할 때 이 그룹에 대한 복지정책을 함께 준비해야 한다”고 주장했다. 
          
           
           
            ▲ 지난 11일 조선일보 3면
           
          
          
           
           
            ▲ 지난 12일 조선일보 4면
           
          
          
           주4일제 도입, 함께 필요한 과제들
          
          주4일제 도입을 위해선 정부 차원의 지원이 필요하다. 주4일제를 하더라도 임금이 줄어들어선 안 된다고 정부가 메시지를 내고, 필요하다면 지원도 해야한다. 조 의원은 “기본소득과 같은 쿠션을 깔아주는 것부터 시작”이라고 했다. 그의 총선공약은 월 30만원 기본소득이다. 
          근본적으로는 임금구조도 개편해야 한다. 조 의원은 “법적으로는 주5일제가 아니라 주40시간 노동인만큼 노동을 일(하루) 단위가 아니라 시간 단위로 해야 한다”며 “고용보험을 시간제로 바꾸는 것도 정부에서 논의 중인데 이를 위해 (고용보험을 많이 부담하는) 조직노동이 조금 양보를 해야 한다”고 말했다. 
          이는 '기본급+수당'으로 구성된 임금구성과도 연결된다. 기본급이 적고 추가노동시 수당을 주는 구조는 장시간 노동을 유도한다. 수당 비중이 큰 임금구조를 바꿔야 한다고 조 의원은 지적했다. 
          문재인 정부의 공약이기도 한 '동일노동 동일임금'도 함께 추진할 문제다. 조 의원은 “최근 울산시당 창당을 위해 울산 청년들을 많이 만났는데 그들은 마치 사다리를 오르는 거 같았다”며 “제2하청업체로 취직해서 제1하청업체로 이직하고, 최종 원청으로 가고 싶어하는데 똑같은 일을 하면서도 옮길 때마다 월급이 30~40%씩 뛴다. 어떤 이유로도 정당화할 수 없고 공평하지 않다”고 지적했다. 같은 일을 하면서도 월급이 적은 이들은 결국 장시간 노동을 거부하기 어려워진다.
          노동법상 노동으로 인정받지 못하는 플랫폼노동 역시 고민할 문제다. 조 의원은 “독일처럼 노동법으로 끌어들이든 프랑스처럼 제3의 노동개념을 만들든 원칙을 세워야 한다”며 “만약 배민라이더에게 15% 내외 자사주로 보상하면 어떻겠느냐. 기업의 한 파트너, 이익창출의 공헌자라는 걸 증명하고 제도화해야 한다”고 말했다. 건당 수수료로 연명하는 현행 구조는 장시간 노동을 유발한다. 
          산업별노조 중심의 현행 노조체계도 변화가 필요하다. 지역노조 등 플랫폼 노동자를 받을 공간이 필요하다는 문제의식이다. 
          공공서비스 비용을 낮추는 것도 필요하다. 쉬는 동안 다양한 활동을 해야하는데 비용이 너무 많이 들어선 안 되기 때문이다. 
          노동강도·생산성에 대한 이야기도 꺼냈다. 조 의원은 “민감한 문제인데 긴 시간 노동을 하면서 노동강도가 높지 않을 수 있다. 미국에서 나온 통계를 보면 주50시간 이상 일하는 사람들은 노동에 대해 과대포장하는 경향이 있지만 모니터링하면 실질 노동시간은 주40시간을 넘지 않는다”라며 “생산성을 높이는 방법을 고민하고 이에 익숙해져야 주4일제가 지속가능하다”고 주장했다. 
          
           
           
            ▲ 조정훈 시대전환 의원. 사진=조정훈 의원실
           
          
          
           주4일제 도입, 뭐가 좋을까? 
          
          조 의원은 두 번째와 세 번째 그룹인 주4일제를 망설이거나 적극 반대하는 이들도 “냉정하게 보면 그분들도 객관적인 조건이 나빠질 건 없다”며 “최저임금을 낮추는 것도 아니고 외식 등이 늘면 소상공인들은 매출이 늘 거고 주5일제 도입 이후 벌어진 현상처럼 문화산업·레저산업도 커질 것”이라고 말했다. “다만 상대적 박탈감이 큰 문제인데 이는 앞에서 말한 제도들로 보완할 문제”라고 덧붙였다. 
          조 의원은 주4일제가 여성·청년·환경친화적이라고 주장했다. 
          조 의원은 “장시간 노동은 여성배제형”이라며 “한국 사회처럼 독박으로 육아를 하는 곳에선 장시간 (임금)노동을 할 수 없다”고 지적했다. 이어 “노동시간이 짧은 사회일수록 노동참여율도 높다”며 “여성운동하는 분들은 주4일제에 대해 '다른 모든 여성정책말고 이거 하나만 해도 좋겠다'고 하더라”라고 전했다. 노동시간이 길면 임금노동 참여율이 높은 남성(아빠)들의 육아참여도 늘기 어렵다. 그는 “아빠가 육아에 적극 참여한 아이의 지적능력이 높다는 연구도 있다”고 말했다. 
          조 의원실 주최로 '주4일제' 연속 토론회를 진행중인데 이 토론에 참여하면서 미래당에서 청년들을 대상으로 설문조사를 진행했다. 응답자 90% 이상이 주4일제에 찬성했다. 조 의원은 이를 인용하며 “주4일제 장점에 대해 직관적으로 오는 느낌이 있지 않나”라며 “휴일이 길어지면서 스포츠·레저·문화 등 틈새산업에 청년창업 기회도 늘 것”이라고 말했다. 또, 주4일제를 시행하는 기업은 워라밸을 선호하는 인재채용에서도 유리하다. 
          주4일제가 환경친화적인 이유는 최근 코로나19로 재택이 늘면서 많은 기업에서 확인하고 있다. 조 의원은 “출퇴근 시간도 줄고, 사무실에서 소비하는 것들이 줄어든다”고 말했다. 국토교통부 등이 조사한 출퇴근 시간을 보면 서울은 출퇴근에 평균 1시간36분(2018년 기준)을 소비했다. 주4일제로 매주 1시간반 이상을 아낄 수 있다. 최근 많은 기업에서 넓은 사무실을 유지하기 보단 재택근무·노동시간 단축 등으로 직원수보다 적은 책상을 유지하는 방안을 모색 중이다. 
          조 의원은 “주4일제는 도입되는데 다만 시간문제일 것”이라며 “주6일에서 주5일로 올 때도 준비하는데 4~5년, 시행하는데 8년정도 걸렸으니 주4일제도 장기적인 과제로 보고 잘 준비해야 한다”고 말했다. 
          
        "
20210123,30대,남성,2,조선일보,https://v.daum.net/v/20210123030223664,장려금만 먹고 튀었다? 출산율 1위 '해남의 기적' 끝난 이유," 
         
          ‘해남의 기적.’ 한때 다른 지자체 공무원들이 전남 해남군의 출산 장려 정책을 이렇게 일컬었다. 얼마 전까지 해남은 ‘저출산 해결 모범 사례’로 불렸다. 2012년부터 7년간 전국 지자체 합계 출산율 1위. 2016년 보건복지부 ‘인구의 날' 기념식에서 대통령상까지 받았다. 전국 150여 지자체가 해남 사례를 벤치마킹했다.
          그랬던 해남이 심상치 않다. 지난해 발표된 2019년 합계 출산율에서 1.89명을 기록하며 전남 영광군에 1위 자리를 내줬다. 여전히 전국 평균(0.92명)보다 두 배가량 높지만, 2015년 출산율(2.46명)에 비하면 확연히 낮아졌다. 그사이 7만6194명이던 군 인구는 6만8806명으로 7000명 넘게 줄었다. 한국고용정보원이 발표하는 ‘인구소멸 위험 지역’ 중 하나가 됐다. 무슨 일이 있었던 걸까.
          
           
           
            전국 합계출산율과 해남군 출산율. /그래픽=양진경 기자
           
          
          ◇출산율 저하… 현금 지원 밀려서?
          해남군의 출산율 증가는 대대적인 출산 지원 정책 도입 이후 일어났다. 해남군은 2008년 전국 최초로 출산장려팀을 신설했다. 2012년부터는 첫째 아이 300만원, 둘째 350만원, 셋째 600만원, 넷째 이상은 720만원 등 당시 기준 최고 수준의 출산 장려금을 지급했다. 처음 출산장려금을 도입한 2005년 1.44명이었던 출산율은 2015년 2.46명까지 올랐다.
          현금성 지원을 앞세워 출산율을 높이는 데는 성공했지만, 곧 경쟁자들이 따라붙었다. 인구 감소 속도가 빠른 경북 북부 지역이 대표적이다. 경북 영덕군이 2017년부터 첫째 아이에게 출산장려금 480만원을 지급하기로 했고, 봉화군은 2018년 첫째 아이 기준 전국 최고 금액인 700만원을 약속했다.
          최근에는 셋째 아이를 낳으면 최대 1억원을 지원하겠다는 지자체까지 나왔다. 경남 창원시는 결혼하는 부부에게 1억원까지 ‘결혼드림론’을 지원하고, 10년 안에 셋째 아이를 낳으면 대출금 전액을 제해준다. 충북 제천시도 셋째 아이를 낳으면 주택자금 대출 5150만원을 대신 갚아준다.
          2019년 해남군을 제치고 출산율 1위(2.54명)를 차지한 영광군의 비결도 ‘화끈한 지원’이었다. 영광군은 신혼부부에게 장려금 500만원을 준다. 첫째 아이 500만원, 둘째 1200만원, 셋째~다섯째 3000만원, 여섯째 이상에는 3500만원을 지급한다. 이외에도 신생아 양육비, 신혼부부 건강검진, 임신부 교통카드, 출산용품, 난임부부 시술비 등 각종 지원책을 마련하는 데 매년 45억원을 쓴다.
          반면 해남의 출산장려금은 9년째 그대로다. 도입 당시만 해도 전남 22개 시군구 중 최고액이었지만, 지금은 중간으로 밀려났다. 같은 도내에 있는 광양시, 영광군, 진도군 등은 첫째 아이 기준 500만원을 주고 있다. 해남군 관계자는 “재정 여유가 있는 지자체만큼 장려금을 올리기는 어렵다”면서 “대신 출산 용품 등을 지원하고 있다”했다. 해남군의 재정자립도는 지난해 기준 7.4%로, 전국 군 단위 기초지자체 평균(17.3%)에 한참 못 미친다.
          다른 지자체와의 경쟁에서 밀리는 동안 해남에서 태어나는 아이는 급격히 줄고 있다. 2015년 해남에서 태어난 신생아 수는 839명이었지만, 2019년에는 490명으로 4년 사이 42% 정도 줄었다.
          ◇장려금만 받고 떠나는 ‘먹튀’ 출산자
          전국 지자체의 출산장려금 지급액은 매년 증가 추세다. 보건복지부에 따르면, 2020년 전국 광역·기초 지방자치단체가 지출한 출산지원금은 약 3822억원. 전년(약 2827억원) 대비 35%가량 올랐다.
          늘어나는 출산 장려금과 반대로 대한민국의 합계 출산율은 매년 감소 추세다. 정재훈 서울여대 사회복지학과 교수는 “지자체에서 주는 출산장려금은 출산 인구를 두고 인근 지자체와 경쟁하는 ‘제로섬 게임’에 불과해 국가 차원에선 큰 도움이 안 된다”고 했다. 출산장려금 정책이 국가 전체 출산율을 높이기보다는 인근 지역 인구를 뺏어온다는 얘기다.
          지원금만 받고 지역을 떠나는 ‘먹튀’도 문제다. 전남도의회 우승희 의원에 따르면 2017년까지 5년 동안 전남 지역에서 출산장려금만 받고 떠난 ‘먹튀 출산자’는 1584명. 지자체들은 이를 방지하기 위해 지원금을 2~3년에 나눠 지급하고 있지만, 지원 기간이 끝난 뒤 이사하는 것까지 막을 방법은 없다. 통계청에 따르면 2013년 해남군의 0세 인구는 797명이었지만, 6년이 지난 2019년 6세 아동 수는 426명이었다. 2013년 출생한 아이들 중 47% 정도가 6년 안에 해남군을 떠난 것이다.
          육아정책연구소 양미선 연구위원의 2019년 조사에 따르면, 전국 226개 지자체 출산 정책 담당 공무원 중 81.1%가 ‘현금지원사업 확대에 문제가 있다’고 했다. 이들은 현금 위주 사업의 효과가 낮거나 없고(69.6%), 지자체 간 과다 경쟁만 지속된다(66.0%)는 점을 문제로 꼽았다.
          전문가들은 지자체들의 과도한 현금성 지원 경쟁은 문제라고 지적한다. 정재훈 교수는 “현금 지원은 중앙 정부에 맡기고, 지자체는 아이가 떠나지 않도록 지역 일자리 창출과 인프라 구축에 집중하는 게 옳다”고 했다. 하지만 중앙 정부가 지난해 12월 발표한 ‘4차 저출산·고령사회 기본계획'에 지자체별 출산장려금 통합 방안은 담기지 않았다.
          ‘출산율에 너무 집착하지 말아야 한다’는 의견도 있다. 이삼식 한양대 고령사회연구원장(정책학과 교수)은 “통계로 나오는 출산율은 산모 수가 적은 농촌 지역이 높게 나오는데, 실제로는 이들 지역 인구가 급격히 줄고 있다”고 했다. 2019년 출산율 1위 영광군에서 태어난 아이는 570명이었다. 상대적으로 비율이 높았을 뿐, 전체 군민 수는 매년 감소세다. 2020년 영광군 인구는 5만3099명으로 전년(5만3852명) 대비 700명 넘게 줄었다. 이 원장은 “무의미한 출산율 경쟁을 멈추고, 대신 체감 가능한 ‘살기 좋은 환경’ 조성에 힘써야 한다”고 했다.
          
        "
20210123,30대,남성,3,이데일리,https://v.daum.net/v/20210123151156788,"버스 문에 롱패딩 끼어 사망..""버스기사 난폭운전 막아달라"""," 
         
           [이데일리 장구슬 기자] 시내버스에서 하차하던 승객의 겉옷이 버스 뒷문에 끼어 해당 승객이 그 자리에서 숨지는 사고가 발생한 가운데 “버스 기사의 난폭 운전을 막아달라”는 청와대 국민청원이 등장했다.
          
           
           
            버스기사의 난폭 운전을 막아달라는 청와대 국민청원이 등장했다. (사진=국민청원 홈페이지 캡처)
           
          
          
           지난 21일 한 청원인은 청와대 국민청원 게시판에 “버스기사들의 난폭운전을 막아주세요”라는 제목의 청원글을 올렸다.
          
          청원인은 지난해 12월 경남 진주에서 한 여고생이 버스에 탑승한 후 급출발과 함께 타 차량의 칼 치기로 인해 전신마비가 된 사건, 퇴근길 버스에서 내리던 여성 승객의 롱패딩이 옷자락이 뒷문에 끼어 사망한 사건 등을 언급했다.
          그는 “버스에 탄 승객이 손잡이를 잡고, 의자에 앉을 때까지 출발하지 않는 것, 승객들이 하차할 시에 문이 열림과 동시에 닫는 버튼을 누르지 않는 것. 적어도 이 두 가지 교통법안만 제정돼 시행된다면 현재보다 버스 사고가 훨씬 더 줄어 드리라 생각한다”고 말했다.
          그러면서 “급출발하지 않기, 정차 후 하차, 하차한 승객 확인 후 출발. 세 가지 버스 문화로 더 이상의 안타까운 피해자가 나오지 않길 바란다”고 덧붙였다.
          해당 청원 글엔 23일 오후 2시30분 기준 9000여 명이 넘는 사람들이 동의했다.
          한편 지난 19일 오후 8시30분께 경기 파주시 법원읍의 한 초등학교 인근 도로에서 20대 여성 A씨가 시내버스에서 하차하던 중 뒷문에 롱패딩이 끼어 그 자리에서 숨지는 사고가 발생했다.
          목격자 등에 따르면 버스기사는 A씨의 옷이 끼인 사실을 모르고 그대로 출발했고, A씨가 끌려가 넘어지면서 사고가 났다. 구조대원들이 출동했을 당시 A씨는 크게 다쳐 이미 현장에서 숨진 상태로 알려졌다.
          이 사건과 관련 경찰 관계자는 버스기사 과실 등 정확한 사고경위를 인근 폐쇄회로(CC) TV 확인 등을 통해 조사 중이다.
          장구슬 (guseul@edaily.co.kr) 
          
        "
20210123,30대,남성,4,조선일보,https://v.daum.net/v/20210123030911862,루이비통도 반했다는.. '괴물' 속 배두나 추리닝 기억나십니까?," 
         
          
           
           
            영화 '괴물'에서 배두나가 입었던 추리닝. /한국영상자료원
           
          
          “저를 좋아하게 된 게 영화 ‘괴물’ 때문이었대요. 제가 수원시청 트레이닝복 딱 한 벌만 입고 시종일관 뛰어다니거든요. 그 모습이 너무 좋았다는 거예요.”
          배우 배두나는 최근 한 오락 프로그램에 출연해 루이비통 디자이너 니콜라 제스키에르와 얽힌 인연을 얘기하며 영화 ‘괴물’ 속 트레이닝복을 언급했다. 천재 양궁 선수 역할이었던 배두나는 큼지막하게 ‘수원시청’이라 적힌 자주색 트레이닝복을 입고 괴물에게 활을 겨눈다. 모델 출신 패셔니스타에 꼬질꼬질한 트레이닝복 한 벌만을 입혀 당시에도 화제가 됐다. 영화가 흥행하자 수원시청에는 “트레이닝복을 구할 수 없느냐”는 문의가 쇄도하기도 했다.
          
           
           
            영화 '괴물' /청어람
           
          
          루이비통 디자이너도 반한 ‘괴물’ 속 트레이닝복을 20일 경기도 파주 한국영상자료원 보존센터에서 볼 수 있었다. 격렬한 사투 끝에 ‘수원시청’ 글씨는 누렇고 검은 때가 묻은 채 너덜너덜하게 해져 있었다. 한국영상자료원은 2014년부터 ‘한국 영화 유산 수집 캠페인’을 통해 영화 의상 및 소품을 수집해 왔다. 2000년 작 ‘공동경비구역 JSA’부터 2020년 작 ‘삼진그룹 영어 토익반’까지 기증받은 영화 의상·소품 500여 점을 정리해 기관지 ‘옷의 뜻–영화의 의상, 의상의 영화’를 최근 발간했다.
          파주 보존센터에는 80평 남짓한 보존고 2곳에 영화 의상·소품과 기자재들이 보관돼 있다. 보관이 쉬운 양장은 옷걸이에 걸어놓고, 산화하기 쉬운 한복이나 손상이 심한 옷은 특수 제작 상자에 넣는다. 국립문화재연구소에서 특허 낸 항균제를 뿌리고 도자기 등 문화재를 감쌀 때 쓰는 얇은 종이로 덮어 고이 보관한다. 장광헌 보존관리팀 차장은 “의상 대부분은 오염이 심한 상태로 들어온다”면서 “영화의 현장감을 살리기 위해 세탁은 하지 않고 흙먼지나 심한 오염만 제거한다”고 했다.
          
           
           
            한국영상자료원 파주보존센터. /김종연 영상미디어 기자
           
          
          특히 액션·재난 영화는 옷의 손상 정도가 극심하다. 유독 가스로 뒤덮인 도심을 탈출하는 영화 ‘엑시트’ 의상에는 온몸으로 건물을 기어오르고 바닥을 뒹군 흔적이 그대로 남았다. 연회장 ‘구름정원’의 부점장인 의주(임윤아)의 하얀 셔츠는 회색 조끼와 구별이 안 될 정도로 시커메졌다. 채경화 의상 감독은 “재난은 누구에게나 갑작스럽게 닥치기 때문에 불편한 정장을 입고 현장을 구르는 ‘미스매치(부조화)’를 보여주고 싶었다”고 했다. “처음엔 보라색 유니폼도 떠올렸는데, 윤아씨가 가수 출신이고 화려한 이미지가 있다 보니 오히려 어디서나 흔히 볼 수 있는 무난한 의상이 낫겠다고 판단했죠.”
          
           
           
            '엑시트'에서 의주(임윤아)가 입었던 유니폼과 트레이닝복. /김종연 영상미디어 기자
           
          
          영화 ‘달콤한 인생’에서 주인공 선우(이병헌)가 입었던 셔츠는 피범벅이 된 채 남아 있다. 양복은 화약을 넣고 터뜨린 총상 흔적으로 군데군데 찢겨 있다. 장광헌 차장은 “피는 보통 캐러멜을 섞은 염료를 쓰는데, 그대로 두면 옷이 뻣뻣해져 부러질 수 있다”면서 “이런 옷은 주기적으로 상태를 확인해줘야 한다”고 했다.
          의상 크기와 관리 방법도 제각각이다. 영화 ‘인랑’에서 강동원이 입은 강화복은 머리에 쓰는 투구부터 온몸을 감싸는 갑옷 형태로 22㎏이나 된다. 강화복은 팔·다리 부분을 조각조각 내 상자 6개에 나눠 보관했다. 영화 ‘스캔들-조선남녀상열지사’에서 전도연·배용준이 입은 한복은 보존고에서 매우 비싼 의상 중 하나다. “한복은 접힌 부분이 산화할 수 있기 때문에 전문 기관에 관리 방법을 묻기도 했어요.”
          
           
           
            영화 '삼진그룹 영어토익반'. /롯데엔터테인먼트
           
          
          의상에는 영화 속 시대와 공간, 캐릭터 성격이 고스란히 묻어난다. 영화 ‘삼진그룹 영어 토익반’은 고졸 말단 직원만 유니폼을 입어야 했던 1990년대가 배경이다. U자 모양으로 둥글게 파인 자주색 유니폼은 회사에서 커피를 타고 잡일을 도맡는 여직원의 지위를 드러낸다. 윤정희 의상감독은 “1990년대 드라마에 나온 의상을 참조했고 색깔은 차가운 남색이나 밋밋한 베이지보다는 따뜻한 느낌의 자주색이 좋을 것 같았다”고 했다. “무늬 있는 블라우스도 제작해서 입혀봤는데요. 대기업 직원보다는 옛날 은행 직원 느낌이 많이 나서 바꿨죠. 실제 1990년대처럼 헐렁하게 만들면 요즘 배우들은 한 치수 큰 옷 입은 듯 어색해하기 때문에 사이즈는 좀 더 몸에 맞게 수정했고요.”
          의상은 대부분 비공개지만 기획전을 위해 한국영화박물관에서 전시하기도 한다. 현재 서울 마포구 한국영화박물관에는 영화 ‘기생충’ 의상이 전시돼 있다. 명대사인 “너는 계획이 다 있구나!”를 할 때 입었던 기택(송강호)의 트레이닝복이 제일 먼저 눈에 띄었다. 그 옆, 아들 기우(최우식)의 잿빛 트레이닝복은 반지하 공간을 닮아 밋밋하고 우중충하다.
          최세연 의상 감독은 “배우들이 공간에 완전히 흡수돼 소품처럼 보이도록 신경 썼다”고 했다. “기택이나 기우의 트레이닝복은 자연스러운 생활감을 주기 위해 염색도 세탁도 여러 번 거쳤죠. 반면 연교(조여정) 드레스는 ‘딱 봐도 저 옷은 세탁기는 못 돌리겠다’ 싶잖아요. 기택네는 정말 열심히 빨아서 오래된 생활감이 보이는 옷, 박 사장네는 무조건 드라이클리닝 맡겨야 할 것 같은 옷으로 나뉘죠.”
          
           
           
            영화 '기생충' /CJ엔터테인먼트
           
          
          무늬 없이 밋밋한 의상들 가운데 문광(이정은)의 실크 머플러가 도드라진다. 폭우가 내리던 밤, 초인종을 누르며 등장해 영화의 흐름을 뒤바꿨던 그 장면 속 그 차림이다. 온몸을 가리는 시커먼 코트에 무늬 화려한 머플러를 둘렀다. “가정부로 살았던 문광과 한번 밖으로 나갔다가 돌아온 문광의 대비가 필요했어요. 머플러로 컬러나 패턴에 변화를 줬죠. 검은 코트는 비를 흠뻑 맞고 들어오는데 그 빗방울이 옷에 맺힐 수 있는 원단으로 제작했고요.”
          
           
           
            영화 '기생충'에서 쫓겨난 가정부 문광(이정)은 화려한 머플러를 두르고 돌아온다. /한국영상자료원
           
          
          전시되지 않은 의상들은 한국영상자료원이 발간한 잡지나 홈페이지를 통해 볼 수 있다. 잡지에는 2000년대 영화 50여 편과 영화 의상 수백 점이 소개됐다. 어떤 의상은 옷만 봐도 영화 속 장면과 인물 표정까지 생생히 되살아난다. 정민화 정책기획팀장은 “그동안 한국영상자료원에 기증한 의상을 통해 많은 분과 영화에 대한 기억을 공유할 수 있었으면 좋겠다”면서 “영화 자료의 기증·보존 중요성도 알리는 계기가 되길 바란다”고 했다.
          
        "
20210123,30대,남성,5,조선일보,https://v.daum.net/v/20210123140035090,[단독]알몸으로 베란다 감금.. 살인으로 끝난 '잔혹한 동거'," 
         
          
           
           
            일러스트=정다운
           
          
          지난 13일 청각·언어 장애인 A(23)씨가 수의(囚衣)를 입고 법정에 섰다. 재판장이 “국민 참여 재판을 원하느냐”고 묻자, A씨는 수어(手語)로 “내용이 이해되지 않는다”고 답했다.
          A씨 변호인은 “피고인 지적 능력으론 국민 참여 재판 제도를 이해하지 못한다”고 했다. 듣지도 말하지도 못하는 데다 지적 능력까지 떨어지는 A씨가 법정에 선 이유는 같은 청각·언어 장애인 B(사망 당시 19세)씨를 살해했기 때문이다. 친형제처럼 지내던 A씨와 B씨가 함께 살던 4개월 동안 무슨 일이 벌어진 걸까.
          ◇“사회생활 잘 배우라”고 보냈는데…
          A씨와 B씨는 농아 학교를 함께 다녔다. 졸업한 뒤 진로는 갈렸다. A씨는 지난해부터 전북 정읍에서 직장 생활을 시작했다. B씨는 경기도에 있는 한 대학에 진학했다. B씨는 코로나 바이러스로 대학 수업이 비대면 방식으로 이뤄지자 부모가 살고 있는 경남으로 내려와 생활했다.
          그러던 중 A씨와 B씨는 지인들과 함께 제주도 여행을 떠났다. 여행을 하면서 두 사람 관계는 더욱 돈독해졌다. 여행에서 돌아온 뒤에는 친형제처럼 지냈다고 한다. A씨가 B씨 부모가 살고 있는 집을 찾아 인사하고 갈 정도였다.
          당시 A씨는 B씨 부모와 많은 대화를 나눴다. B씨 부모는 “청각과 언어 중복 장애인인데 취업에 성공해 사회 생활을 하는 게 장하다”며 A씨를 격려했다. 이들은 “아들과 함께 지내면서 공부를 도와주고, 사회 생활 잘 할 수 있는 방법도 가르쳐달라”며 자신의 아들을 A씨에게 맡겼다.
          
           
           
            일러스트=정다운
           
          
          ◇수시로 폭행, 집안에는 감시용 CCTV 설치
          A씨와 B씨의 ‘동거’는 지난해 7월 시작됐다. 두 사람은 A씨가 살던 전북 정읍시 한 원룸에서 함께 생활했다. ‘거짓말 안 하기’ ‘행동을 똑바로 하기’ ‘밥을 아껴서 먹기’ ‘과제와 공부 성실히 하기’ 등 35개 항목으로 이뤄진 생활 규칙도 만들었다. 대부분 B씨가 지켜야 할 내용이었다.
          동거 초기만 해도 B씨가 35개 항목을 지키지 못하면, A씨는 수어를 통해 B씨를 타일렀다. B씨가 생활 규칙을 어기는 일이 반복되자 A씨는 불만이 쌓여갔다. 동거 생활 두 달여 만인 지난해 9월 중순, 결국 불만이 폭발했다. B씨에게 심부름을 시켰는데 전혀 다른 것을 사오자 A씨는 화가 치솟아 손찌검을 했다.
          처음엔 주먹으로 B씨 얼굴과 머리를 때렸지만, 갈수록 폭력 강도가 높아졌다. 온몸을 발로 밟았고, 시도 때도 없이 폭행했다. B씨에게 옷을 벗도록 지시한 뒤 베란다로 내몰기도 했다. 방에 들어오지 못한 B씨가 베란다에서 잠을 잔 날도 많았다고 한다.
          A씨는 집 안에 폐쇄회로(CC)TV 카메라를 설치해 B씨 일거수일투족을 감시했다. 생활 수칙을 어기면 먹을 것을 주지 않기도 했다. 이런 가혹 행위는 두 달 가까이 이어졌다. B씨는 얼굴을 포함, 온 몸에 멍이 들었다. 몸무게가 급격히 줄어 건강 상태가 크게 나빠졌지만, A씨는 B씨를 병원에 데려가지도 않고 폭행 강도를 점점 높였다.
          
           
           
            폭행을 이미지화 한 일러스트. /뉴시스
           
          
          ◇베란다 방치해 숨지자 “나는 모르는 일”
          B씨가 숨지기 3일 전인 지난해 11월 12일, A씨는 자정이 가까운 시간에 B씨를 알몸 상태로 베란다로 쫓아냈다. “대학 과제와 공부를 하지 않았다”는 이유를 들어 주먹과 발, 둔기까지 동원해 B씨를 마구 때렸다. ‘베란다 감금’은 11월 14일 새벽 4시 20분까지 29시간 계속됐다. 당시 정읍 지역은 아침 최저 기온이 영상 3도에 그치는 추운 날씨였다.
          A씨는 그날 저녁 7시쯤 다시 B씨를 알몸 상태로 베란다로 내몰았다. 다음날인 11월 15일 새벽 3시 10분까지 둔기로 B씨 머리와 온몸을 여러 차례 때렸다. B씨가 바닥에 쓰러지자, A씨는 정신 차리라며 코와 입에 호스를 대고 물을 뿌리기도 했다. B씨는 끝내 의식을 회복하지 못하고 숨졌다.
          A씨는 B씨가 숨을 쉬지 않자 ‘급해요. 후배가 안 좋아서요. 갑자기 안 일어났어요’라는 문자 메시지를 119에 보냈다. A씨는 119 대원과 함께 출동한 경찰에게 현장에서 긴급 체포됐다.
          A씨는 범행 혐의를 완강히 부인했다. 하지만 자신이 집 안에 설치한 CCTV가 ‘결정적 증거’가 됐다. 경찰이 촬영된 영상을 증거로 제시하자 고개를 떨구며 범행을 인정했다. 경찰 조사에서 A씨는 “B씨를 살해할 의도는 없었다”고 주장했다. 검찰은 A씨가 저지른 살인에 미필적 고의가 있다고 보고, 살인죄를 적용해 재판에 넘겼다.
          
        "
20210123,40대,남성,1,매일경제,https://v.daum.net/v/20210123063002236,요즘 20대가 하늘길 막히자 해외여행 대신 가는 곳," 
         
          
           
           
            강원도 인제 원대리 자작나무숲 / 사진 = 한국관광공사
           
          
          
            코로나19가 여행업계에 변화의 바람을 일으키고 있다. 사회적 거리두기 준수와 마스크 쓰기 등의 방역 지침을 기본으로 단체보다는 소수가, 멀리보다는 가까운 곳으로 떠나는 분위기다. 특히 세대별 활동성면에서 앞서는 20대의 여행법도 달라지는 모양새다. ‘등린이’나 ‘캠린이’처럼 등산과 캠핑으로 외연을 확장하고 있고, 타인과 분리돼 휴식을 즐기려 모텔 등의 중소형 호텔을 찾는 이도 늘었다. 이른바 ‘모텔+바캉스’인 ‘모캉스’족의 출현이다.
          
          
           
          
          
            이런 추세는 통계도 뒷받침한다. 숙박‧모바일티켓 예약 플랫폼 여기어때가 최근 벌인 설문조사에 따르면, 20대 앱 이용자의 49%는 하늘길이 막힌 지난해 모캉스를 처음 경험했다고 밝혔다. 
          
          해외여행의 대체재로 등장한 다양한 국내여행 상품, 트렌드 중 호캉스(50%)에 이어 두 번째다. 이는 50대(13%)보다 무려 36%포인트가 높아, 20대를 중심으로 모텔의 이용형태가 확장되고 있는 것으로 풀이된다. 
          여기어때 관계자는 “모텔의 고급화 추세와 예약 편의성, 철저한 방역 시설이 등장한 데 따른 트렌드로 해석된다”며 “맛집의 음식을 배달해 조촐한 모임을 갖거나, OTT 영상물을 시청하는 등 각자의 방법으로 모텔을 휴식의 공간으로 활용하기도 한다”고 설명했다.
          
           
          
          
            모텔은 호텔 못지않은 인테리어와 부가서비스를 제공해 최근 젊은 소비층의 관심이 더욱 커지고 있다. 감염병 우려를 줄이기 위해 철저한 방역을 약속하는 숙소도 증가하면서 해외여행을 대체하는 소소한 놀이 공간으로 주목 받은 것. 여기어때 관계자는 “모텔은 새로운 공간 문화, 여행 트렌드를 이끄는 숙소 형태로 변모하는 중”이라며 “모바일 예약 플랫폼에 익숙한 20대가 가장 먼저 반응하고 있다”고 평가했다.
          
          20대 응답자 2명 중 1명(51%)은 지난해 해외여행을 미뤄 아낀 돈을 국내여행에 지출했다고 답했으며, 생활비로 썼다는 응답은 41%였다. 쇼핑 등 그루밍 비용으로 지출했다는 20대 응답자는 37%를 차지했다.
          이들의 1박 2일 기준 국내여행 경비는 평균 26만5800원으로 집계됐다. 지출이 가장 큰 항목은 숙소로, 전체 비용 중 49% 수준이었다. 반면 50대는 지난해 국내여행 경비가 평균 42만5800원이라고 응답했고, 이중 숙소 비용은 39%였다.
          
           
          
          
            앞으로 새롭게 경험해 보고 싶은 여행 형태에 대해 20대는 차에서 즐기는 차박(42%)과 야외에서 즐기는 캠핑‧글램핑(41%)을 꼽았다. 최근 유명 관광지 방문이 어렵고, 위생의 중요성이 커지자 비대면 여행의 대표 테마인 캠핑이 떠오른 것으로 보인다. 
          
          백신 등으로 코로나19가 잠잠해지면 즐기고 싶은 활동으로는 해외여행(53%)을 가장 많이 선택했고, 국내여행(49%)과 친구‧동호회 모임(33%)이 뒤를 이었다.
          
           
           
            서울 노을 캠핑장 / 사진 = 한국관광공사
           
          
          
            이번 설문은 모바일리서치 오픈서베이를 활용해 지난 13~17일 진행했다. 여기어때 이용자 총 2225명이 참여했으며, 이중 20대는 1260명이었다.
          
          [장주영 여행+ 기자]
          
        "
20210123,40대,남성,2,오마이뉴스,https://v.daum.net/v/20210123142100328,초등학생들에게 돌 맞아 죽은 청년," 
         
          [변상철 기자]
          
            교량이 불에 타버려 건너갈 수 없게 되었기 때문에 도선을 준비 중, 조선인 한 사람이 도망치기 시작하자 다른 18명도 갑자기 스미다가와에 뛰어들기에 순사들의 요청에 따라 실탄 17발을 강물을 향해 쏘았음. 강물로 뛰어들지 못하고 도망치려 한 자는 다수의 피난민과 경관에게 타살되었음.
           - <학살의 기억, 관동대지진> 153쪽
          
          
           관동대지진 당시 일본 시민들은 조선인들을 소위 '불령선인', 즉 불순한 의도를 가지고 위해를 가할 위험한 집단으로 규정하고 학살에 가담했다. 위의 경우처럼 살기위해 강물에 뛰어든 조선인은 군인에게, 강물에 뛰어들지 못한 조선인들은 민간인에게 맞아 죽었다. 광란의 바이러스가 군중에게 집단으로 감염되면 언제든 일어날 수 있는, 아니 실제 일어난 역사다. 안타깝게도 그러한 학살이 4.3 당시에도 일어났다.
          
          4.3이라는 악의 광풍은 평범한 이들에게도 예외가 아니었다. 경찰과 군인을 넘어 평범한 시민, 아이들에게도 학살을 강요하였다. 죽음이라는 협박과 공포에 내몰린 사람들은 살기 위해 군인과 경찰이 시키는 대로 해야 했다. 시민들은 그것이 불법이든, 부정의이든, 비이성적이든 판단하고 행동할 처지가 되지 못했다.
          우리는 탁본을 하는 도중 오경대씨에게 아주 특별한 경험담을 들었다. 경험이라기보다는 잔인한 학살의 기억이라고 하는 편이 더 정확한 표현이겠다. 바로 4.3 당시 민간인이 민간인을 죽인 끔찍한 이야기다.
          
           6학년이 죽창으로 찔러
             
          
          
           
            
             
              
               
                
            
            
             ▲  평범한 도로인 이곳은 반세기 전 어린아이들이 알지 못하는 청년에게 돌을 던져야 했던 그 장소이다.  
            
            
             ⓒ 한톨 
             
           
          
          
            
           오경대의 구술 = ""초등학교 3학년 때인가 어렸을 때였어요. 학교를 불태웠다는, 당시에는 폭도라고 불리던 사람들이 잡혀왔습니다. 산사람, 폭도라고 했던 아들하고 그 아들의 엄마였는데, 군인이 잡아 와서 '이 사람이 이 학교(예래초등학교)를 불태웠다. 그러기 때문에 여러분 손으로 이 사람들을 처단해야 한다. 그래서 초등학교 1학년에서 5학년까지는 일렬로 쭉 서서 돌멩이 하나씩을 들어라. 6학년은 죽창을 들어라'라고 했습니다.
          
          그래서 어린이들이 그 묶어놓은 폭도라는 남자에게 돌멩이를 하나씩 던졌습니다. 다 던지고 나서 6학년은 죽창으로 찔렀습니다. 그래도 죽지 않으니까 나중에는 군인이 총을 몇 발 쏴서 죽였습니다.
          저는 그 기억이 지금도 생생합니다. 왜 어린이들에게까지 잔인한 모습을 보여야 하느냐. 지금 생각하면 참 가슴이 아픕니다. 너무도 잔인한 행동이었지만 그때 당시는 어렸기도 했고, 그전에 군인들이 동네 구장했던 분을 잡아다가 때리는 것도 몇 번 봤습니다. 군인들이 시키는 대로 하지 않으면 동네 구장도 그렇게 맞던 시절이니 살려면 시키는 대로 해야지 도리가 있습니까.
          결국 그 구장도 나중에 우리 아버님하고 예비검속이 되어 가지고 이제 돌아가셨지만 어린 마음에 나이 든 구장이 몽둥이로 맞으면서 땅바닥에 뒹구는데도 사정없이 몽둥이로 내려치는데 사람으로서 어떻게 저렇게 할 수 있나 이런 생각이 들었지요. 하지만 어떻게 할 도리가 없잖아요. 어떻게 보면 우리 입장에서 간첩인 사람들을 처단한 거잖아요.""
          어린 오경대는 그 구장에게 내려지는 구타의 형벌이 당연하다고 생각했다. 간첩, 빨갱이는 맞아도 된다고 생각했다. 정당한 처단이었다.
          오경대의 구술 = ""거꾸로 나중에 나에게 간첩 혐의가 씌어질 줄은 상상도 못 했습니다. 꿈에도 생각 못 했습니다. 여기서 나고 여기서 국방의 의무를 마치고 열심히 농촌에서 살았었는데 나에게 이러한 불행한 일이 닥칠 거라고 생각 못했는데 그것이 배우지 못한 탓이 아닌가 생각하고 있습니다.
          결국 그것은 4.3 사건과 간첩 조작의 큰 연관이라고 생각이 되죠. 아버님이 좌익 활동을 하거나 간첩 활동을 하거나 교육을 시킨 일이 없는데도 국가에서는 제주도 4.3 사건은 아버지도 연관이 되어 있지 않느냐, 그 아버지에 그 아들이라는 오명을 씌우면서 중형을 구형한 겁니다.""
          어린 아이들을 학살의 공범으로 만들고, 모두 학살의 책임에서 벗어날 수 없게 한 것이 대한민국의 작은 섬 제주에서 일어난 역사의 한 부분이었다. 살기 위해 이유 없는 학살에 가담해야 했던, 법과 이성이라는 사회 구조는 이미 그 기능을 상실하고 파괴된 혼란의 시대였다.
          어린 오경대 역시 죽지 않고 살려고 돌을 들었다. 군인들이 불령선인이니 간첩이니 하며 잡아 와 묶어놓은 어느 청년을 향해 돌을 던졌다. 그가 정말 폭도인지, 산사람인지, 어떤 사연으로 억울하게 잡혀 온 청년인지 그는 알지 못했고, 지금도 알지 못한다. 그러나 그는 돌을 던졌다. 죽지 않고 살기 위해서라면 돌을 던져야 했다.
          그랬던 그가 수십 년 후에 간첩이라며 돌멩이를 맞는 신세가 되어 버렸다. 그는 간첩이 아니었으나 간첩이 되었고, 신문에 간첩이라며 대서특필된 그에 대해 국가와 국민, 주변 사람들은 실체적 진실을 확인하려 하지 않았다. 의심은 곧 간첩을 두둔하는 것이고 두둔은 곧 자신이 간첩이 될 수 있다는 것이기에 의심 없이 간첩으로 취급하였다. 간첩이 되고 난 뒤 그는 더욱더 그날 돌멩이를 맞으며 죽어갔던 그 청년이 떠올랐다.
          그는 청년이 죽어갔던 그 자리를 찾았다. 이제는 그저 아스팔트가 덮인 도로가 된 그 자리에서 멈춰선 그는 돌멩이와 흙 때문에 탁본이 제대로 되지 않는 그 자리를 탁본하려 했다. 어떤 모양인지 알아보기 어려울 정도로 선명하지 않은 탁본이었지만 그는 정성을 다해 조심조심 탁본했다. 그에게 그 탁본은 예쁘거나 선명하게 드러나는 것이 중요한 것이 아니었다.
          그는 탁본하는 동안 그 청년이 쓰러져가던 그 바닥을 정성 들여 세심하게 만지고 문지르고 어루만졌다. 마치 그날 쓰러진 청년의 주검을 기억하고 어루만지며 또 다른 용서와 화해, 해원을 하는 듯했다. 탁본하는 동안 그날의 기억이 좀 더 선명하게 되살아나는 듯했다.
          
           그날 그 청년
             
          
          
           
            
             
              
               
                
            
            
             ▲  폭로라는 이름으로 처형당한 모자의 사망장소를 찾아가는 오경대 씨.  
            
            
             ⓒ 한톨 
             
           
          
          
            
           오경대의 구술 = ""이 밭인지 저 밭인지... 나는 이 밭으로 생각하고 있어. 이 길도 있었고, 이리로 가 가지고 엄마는 저 아래 개천인가 어딘가 가서 죽이고 여기서는 아들이 죽고. 남자는 학생들이 죽이고, 엄마는 저기서 부녀회가 죽였어. 여자들은 여자가 죽이라고 해가지고.
          
          그니까 사람을 이렇게 묶어놓고 1학년에서 5학년까지는 돌멩이를 하나씩 들라. 그래서 지나가면서 맞추는 거야. 얼굴인지 어딘지 그냥 막 던지지. 던지고 나면 6학년이 죽창으로 찌르는 거야. 그러니까 피가 싹 쏟아질 거 아니야? 그러니까 사람이 이렇게 컸던 사람이 이렇게 작아져. 그래도 꿈틀꿈틀하니까 총으로 쏴 버린 거지.
          그날 모인 학생들이 한 백 명 됐을까. 그냥 학교 불태운 놈이니까 너희들이 죽이라고 총 들고 있는 군인들이 그렇게 시키니까 어떻게 안 할 수가 있어. 이제 그날 그 사건을 아는 (동네) 사람이 전부 돌아가시고 몇 명 안 남았어요. 동년배들은 다... 그런데 얘길 안 해. 그걸 모르는 사람이 어딨어. 정말 기가 막힌 거예요. 총 한 방 쏘면 되는데 어린애들보고 시켰다는 그거가.""
          그 모자는 정말 절차 없이 죽을 만한 죄를 지었을까? 그 모자는 정말 산사람, 폭도, 좌익, 빨갱이였을까? 그날 그 장소에서 돌과 죽창을 들었던 아이들은 지금 성인이 되어 여전히 이곳을 기억하며 매일 이 길을 지나고 있을 것이다. 매일 같이 이 길을 지나면 매일같이 그날의 악몽이 떠오르지 않을까. 오경대는 어떻게 그날을 안고 살아갈까? 너무도 궁금했다. 탁본을 마치고 돌아서는 오경대씨에게 물었다. 그렇게 끔찍했던 일이 일어났던 이 길을 매일같이 다닐 텐데 힘들거나 괴롭지 않으냐고. 어떻게 이 길을 지날 수 있느냐고.
          오경대의 구술 = ""잊어버리고 살았지... 그러지 않으면 못살아...""
          
           잊어버리고 산다는 그 말이 진심처럼 들리지 않았다. 아니, 오히려 잊고 살고 싶지만 잊을 수 없어 괴로워하는 절규로 들려왔다. 그는 잊었다고 하지만 억울하게 간첩으로 조작되었던 자신과 그날의 청년이 겹쳐 보인다는 것처럼 단 한시도 그날의 일을 잊을 수 없는 것이다. 그는 잊고 싶고, 잊기 위해 그곳을 다시 찾았다. 탁본을 하고 돌아가는 그가 그날의 청년에게서 조금은 위로받고 마음의 짐을 덜었기를 바란다. 그것이 탁본하는 우리의 마음이기도 하다.
            
          
          
           이념이 그은 삶과 죽음의 경계선은 학설 터에만 있지 않았습니다. 한꺼번에 가족을 잃고도 '폭도의 가족'이란 말을 듣지 않기 위해 숨죽이며 살아야 했습니다. 제주는 살아남기 위해 기억을 지워야만 하는 섬이 되었습니다. 그런 말 못할 세월 동안 제주도민들의 마음속에 진실은 사라지지 않았습니다. 더 이상 4.3의 진상규명과 명예 회복이 중단되거나 후퇴하는 일은 없을 것입니다. 국가권력이 가한 폭력의 진상을 제대로 밝혀 희생된 분들의 억울함을 풀고 명예를 회복하도록 하겠습니다.
           - 2018년 4월 3일 문재인 대통령 추념사
          
          
            
           문재인 대통령의 추념사처럼 제주에서의 4.3은 학살 터에만 그치지 않았다. '폭도의 가족'은 다시 빨갱이의 자식이 되었고, 그 자식은 다시 빨갱이, 간첩이 되었다. 노무현 대통령과 문재인 대통령은 더 이상 진상규명, 명예회복이 후퇴하는 일은 없을 거라고 했다. 대통령의 4.3 진상규명은 현재형이다.
          
          4.3때 학살을 피해 도망갔던 사람들, 남한에 원한을 가졌던 그들, 공산주의가 좋아서가 아니라 가족과 친족을 학살했던 이승만을 증오했던 그들, 먹고 살기 위해 밀항했던 제주인들, 이것이 제주 조작간첩의 특징이다.
          
        "
20210123,40대,남성,3,매일경제,https://v.daum.net/v/20210123095400898,"[단독] 인터파크, 70분만에 '100억' 잭팟..억눌린 여행수요 또 터졌다"," 
         
          
           
           
            베트남 다낭의 대표 여행포인트인 골든 브릿지. [사진 = 인터파크투어]
           
          
          
            '1분당 1억4500만원 매출'
          
          코로나19 폭격을 뚫고 억눌린 여행수요가 또 폭발했다. 작년 2월부터 시작된 코로나 시대 이후 첫 홈쇼핑 판매 도전에 나선 인터파크투어가 방송 러닝타임 70분간 '예상 매출액' 100억원을 찍는 잭팟을 터뜨렸다.
          23일 관련업계에 따르면 인터파크투어는 지난 22일 밤 11시30분 부터 70분간 진행된 롯데홈쇼핑 여행상품 판매 방송에서 20만원대의 파격 조건을 내건 베트남 노보텔 3박 숙박 상품으로만 15억의 매출 실적을 달성한 것으로 확인됐다.
          순수 숙박을 통한 실적만 계산한 것으로, 항공을 포함 부대 비용까지 합산한 기타 비용을 추가하면 총 예상매출액은 100억원 이상에 달한다.
          단순 계산하면 1분당 무려 1억4500만원에 달하는 매출 실적을 거둔 셈이다.
          특히 송출 예상인원은 상상을 초월한다. 코로나 직후 첫 정상영업에 나서며 여행상품을 판매했던 참좋은 여행의 경우, 정상 영업 첫 날 6000여명의 여행족이 몰렸는데, 인터파크투어는 단 70분간 방송으로 송출 여행 인원 1만5000명을 예상하고 있다. 특히 가족들까지 포함될 경우 여행 예상인원은 2만명을 넘어설 것으로 관측된다.
          방송 타이틀 '다시, 설렘'으로 시작된 이날 홈쇼핑에는 베트남 다낭, 푸꾸옥 5성급 노보텔(호텔형 및 리조트형, 노보텔 다낭 프리미어 한 리버, 노보텔 푸꾸옥 리조트) 3박 숙박 상품이 선을 보였는데 3박에 28만9000원, 옵션 포함 1박 기준 9만원대로 업계 최저가(최저가 보장) 조건이 내걸렸다. 해당 여행상품은 공식적으로 해외여행 가능한 시점(양국 간 자가격리 해체 후)부터 1년간 이용 가능하다.
          특히 방송 후 한달내 100% 환불과 함께 코로나 19 확산으로 여행이 취소될 경우 국내 호텔(JK블라썸호텔, 골든튤립해운대호텔&스위트, 비스타케이호텔 월드컵 등) 숙박으로 변경이 가능하고 타인 양도까지 되는 파격 조건이 보장되면서 방송 초반부터 주문 콜도 폭주했다.
          코로나로 억눌린 여행 보복 심리까지 더해지면서 피크 타임에는 10분씩 주문 콜이 지연되기도 했고 여행상품으로는 전례가 없이 '레드사인(주문 콜 폭주 비상신호)'이 켜지기도 했다.
          박선미 인터파크투어 홍보팀 대리는 ""코로나 이후 홈쇼핑에 여행상품이 등장한 것도 처음이지만, 레드사인이 켜진 것도 전례가 없는 일""이라며 ""코로나19 시기임을 감안해 조심스럽게 다양한 채널을 통해 안전한 여행상품을 선보일 계획이다""고 말했다.
          [신익수 여행전문기자]
          
        "
20210123,40대,남성,4,오마이뉴스,https://v.daum.net/v/20210123123309539,"""원격수업 힘들었지?"" 졸업생 모두에게 '태블릿 노트북' 선물"," 
         
          [심규상 대전충청 기자]
          
           
            
             
              
               
                
            
            
             ▲  둔포중학교가 지난 21일 개최한 67회 졸업식에서 58명의 졸업생에게 졸업장과 함께 태블릿 노트북을 전달하고 있다.  
            
            
             ⓒ 둔포중학교 
             
           
          
          
            
           ""졸업을 진심으로 축하합니다. 졸업선물로 '태블릿 노트북'을 준비했습니다.""
          
          둔포중학교(교장 박종인, 충남 아산시)가 졸업생 전원에게 졸업장과 함께 통 큰 선물을 안겼다.
          둔포중은 지난 21일 개최한 67회 졸업식에서 58명의 졸업생 전원에게 태블릿 노트북을 선물했다.
          이 학교는 매년 학생들에게 해외문화체험을 벌이고 있다. 그런데 지난해에는 코로나19의 확산으로 해외문화체험이 무산됐다. 그 아쉬운 마음을 졸업선물로 챙긴 셈이다.
          박종인 교장은 ""코로나19로 교육환경도 급변하고 있다""며 ""고등학교에 진학하는 졸업생들이 원격수업에 잘 적응해 희망을 더 키우라는 의미에서 태블릿 노트북을 선물했다""고 전했다.
          김은채 학생자치회장은 ""코로나19로 해외문화체험을 가지 못한 게 너무 아쉽지만 이렇게 뜻밖의 큰 선물을 받게 돼 기쁘고, 원격수업으로 막막해하는 졸업생들의 마음조차 챙긴 학교 측에 감사드린다""며 ""고등학교에 진학해서도 열심히 공부하겠다""고 밝혔다.
          태블릿 노트북 선물비용은 학교법인(조광학원, 이사장 조광양)에서 부담했다.
          학교법인 조광학원은 사립학교 경영평가에서도 '우수기관' 선정
          
            
          
          
           
            
             
              
               
                
            
            
             ▲  충남도내 2019년도 사립학교 법정부담금 납부현황(2018년 결산 기준) . 당시 학교법인 조광학원은 법정부담금을 모두 낸 4곳 법인에 포함돼 이름을 올렸다. 학교법인 조광학원은 충남도교육청의 사립학교 경영평가에서도 '우수기관'으로 선정된 바 있다.  
            
            
             ⓒ 심규상 
             
           
          
          
            
           학교법인 조광학원은 지난해 <오마이뉴스> 기사에서도 언급된 바 있다.  지난 '2018년 충남 도내 사립학교 법인별 법정부담금 부담 현황'을 보면 도내 84개 학교를 운영하는 사립학교 법인이 낸 법정부담금 납부율은 25.43%에 불과했다. 한 푼도 내지 않거나 0%대 납부율을 보이는 곳도 많았다.
          
          이 때문에 당시 도내 사학재단이 납부해야할 103억여 원을 도 교육청 예산으로 메우면서 사립학교 법인이 내지 않은 교직원들의 연금과 건강보험금, 재해보상금 등을 도민 세금으로 충당해야 했다.
          당시 <오마이뉴스> 보도를 보면 법정부담금을 모두 낸 법인은 4곳이었는데 여기에 조광학원(둔포중)이 이름을 올렸다(관련 기사 : 사학 법정부담금 납부율 24%... '백종원 이사장' 학교도 1%대).
          조광학원은 지난 2016년 충남도교육청이 벌이는 사학기관 경영평가(사립학교 경영 투명성과 건전성 평가)에서도 우수기관으로 평가돼 표창을 받은 바 있다.
          
        "
20210123,40대,남성,5,조선일보,https://v.daum.net/v/20210123030223664,장려금만 먹고 튀었다? 출산율 1위 '해남의 기적' 끝난 이유," 
         
          ‘해남의 기적.’ 한때 다른 지자체 공무원들이 전남 해남군의 출산 장려 정책을 이렇게 일컬었다. 얼마 전까지 해남은 ‘저출산 해결 모범 사례’로 불렸다. 2012년부터 7년간 전국 지자체 합계 출산율 1위. 2016년 보건복지부 ‘인구의 날' 기념식에서 대통령상까지 받았다. 전국 150여 지자체가 해남 사례를 벤치마킹했다.
          그랬던 해남이 심상치 않다. 지난해 발표된 2019년 합계 출산율에서 1.89명을 기록하며 전남 영광군에 1위 자리를 내줬다. 여전히 전국 평균(0.92명)보다 두 배가량 높지만, 2015년 출산율(2.46명)에 비하면 확연히 낮아졌다. 그사이 7만6194명이던 군 인구는 6만8806명으로 7000명 넘게 줄었다. 한국고용정보원이 발표하는 ‘인구소멸 위험 지역’ 중 하나가 됐다. 무슨 일이 있었던 걸까.
          
           
           
            전국 합계출산율과 해남군 출산율. /그래픽=양진경 기자
           
          
          ◇출산율 저하… 현금 지원 밀려서?
          해남군의 출산율 증가는 대대적인 출산 지원 정책 도입 이후 일어났다. 해남군은 2008년 전국 최초로 출산장려팀을 신설했다. 2012년부터는 첫째 아이 300만원, 둘째 350만원, 셋째 600만원, 넷째 이상은 720만원 등 당시 기준 최고 수준의 출산 장려금을 지급했다. 처음 출산장려금을 도입한 2005년 1.44명이었던 출산율은 2015년 2.46명까지 올랐다.
          현금성 지원을 앞세워 출산율을 높이는 데는 성공했지만, 곧 경쟁자들이 따라붙었다. 인구 감소 속도가 빠른 경북 북부 지역이 대표적이다. 경북 영덕군이 2017년부터 첫째 아이에게 출산장려금 480만원을 지급하기로 했고, 봉화군은 2018년 첫째 아이 기준 전국 최고 금액인 700만원을 약속했다.
          최근에는 셋째 아이를 낳으면 최대 1억원을 지원하겠다는 지자체까지 나왔다. 경남 창원시는 결혼하는 부부에게 1억원까지 ‘결혼드림론’을 지원하고, 10년 안에 셋째 아이를 낳으면 대출금 전액을 제해준다. 충북 제천시도 셋째 아이를 낳으면 주택자금 대출 5150만원을 대신 갚아준다.
          2019년 해남군을 제치고 출산율 1위(2.54명)를 차지한 영광군의 비결도 ‘화끈한 지원’이었다. 영광군은 신혼부부에게 장려금 500만원을 준다. 첫째 아이 500만원, 둘째 1200만원, 셋째~다섯째 3000만원, 여섯째 이상에는 3500만원을 지급한다. 이외에도 신생아 양육비, 신혼부부 건강검진, 임신부 교통카드, 출산용품, 난임부부 시술비 등 각종 지원책을 마련하는 데 매년 45억원을 쓴다.
          반면 해남의 출산장려금은 9년째 그대로다. 도입 당시만 해도 전남 22개 시군구 중 최고액이었지만, 지금은 중간으로 밀려났다. 같은 도내에 있는 광양시, 영광군, 진도군 등은 첫째 아이 기준 500만원을 주고 있다. 해남군 관계자는 “재정 여유가 있는 지자체만큼 장려금을 올리기는 어렵다”면서 “대신 출산 용품 등을 지원하고 있다”했다. 해남군의 재정자립도는 지난해 기준 7.4%로, 전국 군 단위 기초지자체 평균(17.3%)에 한참 못 미친다.
          다른 지자체와의 경쟁에서 밀리는 동안 해남에서 태어나는 아이는 급격히 줄고 있다. 2015년 해남에서 태어난 신생아 수는 839명이었지만, 2019년에는 490명으로 4년 사이 42% 정도 줄었다.
          ◇장려금만 받고 떠나는 ‘먹튀’ 출산자
          전국 지자체의 출산장려금 지급액은 매년 증가 추세다. 보건복지부에 따르면, 2020년 전국 광역·기초 지방자치단체가 지출한 출산지원금은 약 3822억원. 전년(약 2827억원) 대비 35%가량 올랐다.
          늘어나는 출산 장려금과 반대로 대한민국의 합계 출산율은 매년 감소 추세다. 정재훈 서울여대 사회복지학과 교수는 “지자체에서 주는 출산장려금은 출산 인구를 두고 인근 지자체와 경쟁하는 ‘제로섬 게임’에 불과해 국가 차원에선 큰 도움이 안 된다”고 했다. 출산장려금 정책이 국가 전체 출산율을 높이기보다는 인근 지역 인구를 뺏어온다는 얘기다.
          지원금만 받고 지역을 떠나는 ‘먹튀’도 문제다. 전남도의회 우승희 의원에 따르면 2017년까지 5년 동안 전남 지역에서 출산장려금만 받고 떠난 ‘먹튀 출산자’는 1584명. 지자체들은 이를 방지하기 위해 지원금을 2~3년에 나눠 지급하고 있지만, 지원 기간이 끝난 뒤 이사하는 것까지 막을 방법은 없다. 통계청에 따르면 2013년 해남군의 0세 인구는 797명이었지만, 6년이 지난 2019년 6세 아동 수는 426명이었다. 2013년 출생한 아이들 중 47% 정도가 6년 안에 해남군을 떠난 것이다.
          육아정책연구소 양미선 연구위원의 2019년 조사에 따르면, 전국 226개 지자체 출산 정책 담당 공무원 중 81.1%가 ‘현금지원사업 확대에 문제가 있다’고 했다. 이들은 현금 위주 사업의 효과가 낮거나 없고(69.6%), 지자체 간 과다 경쟁만 지속된다(66.0%)는 점을 문제로 꼽았다.
          전문가들은 지자체들의 과도한 현금성 지원 경쟁은 문제라고 지적한다. 정재훈 교수는 “현금 지원은 중앙 정부에 맡기고, 지자체는 아이가 떠나지 않도록 지역 일자리 창출과 인프라 구축에 집중하는 게 옳다”고 했다. 하지만 중앙 정부가 지난해 12월 발표한 ‘4차 저출산·고령사회 기본계획'에 지자체별 출산장려금 통합 방안은 담기지 않았다.
          ‘출산율에 너무 집착하지 말아야 한다’는 의견도 있다. 이삼식 한양대 고령사회연구원장(정책학과 교수)은 “통계로 나오는 출산율은 산모 수가 적은 농촌 지역이 높게 나오는데, 실제로는 이들 지역 인구가 급격히 줄고 있다”고 했다. 2019년 출산율 1위 영광군에서 태어난 아이는 570명이었다. 상대적으로 비율이 높았을 뿐, 전체 군민 수는 매년 감소세다. 2020년 영광군 인구는 5만3099명으로 전년(5만3852명) 대비 700명 넘게 줄었다. 이 원장은 “무의미한 출산율 경쟁을 멈추고, 대신 체감 가능한 ‘살기 좋은 환경’ 조성에 힘써야 한다”고 했다.
          
        "
20210123,50대,남성,1,오마이뉴스,https://v.daum.net/v/20210123142100328,초등학생들에게 돌 맞아 죽은 청년," 
         
          [변상철 기자]
          
            교량이 불에 타버려 건너갈 수 없게 되었기 때문에 도선을 준비 중, 조선인 한 사람이 도망치기 시작하자 다른 18명도 갑자기 스미다가와에 뛰어들기에 순사들의 요청에 따라 실탄 17발을 강물을 향해 쏘았음. 강물로 뛰어들지 못하고 도망치려 한 자는 다수의 피난민과 경관에게 타살되었음.
           - <학살의 기억, 관동대지진> 153쪽
          
          
           관동대지진 당시 일본 시민들은 조선인들을 소위 '불령선인', 즉 불순한 의도를 가지고 위해를 가할 위험한 집단으로 규정하고 학살에 가담했다. 위의 경우처럼 살기위해 강물에 뛰어든 조선인은 군인에게, 강물에 뛰어들지 못한 조선인들은 민간인에게 맞아 죽었다. 광란의 바이러스가 군중에게 집단으로 감염되면 언제든 일어날 수 있는, 아니 실제 일어난 역사다. 안타깝게도 그러한 학살이 4.3 당시에도 일어났다.
          
          4.3이라는 악의 광풍은 평범한 이들에게도 예외가 아니었다. 경찰과 군인을 넘어 평범한 시민, 아이들에게도 학살을 강요하였다. 죽음이라는 협박과 공포에 내몰린 사람들은 살기 위해 군인과 경찰이 시키는 대로 해야 했다. 시민들은 그것이 불법이든, 부정의이든, 비이성적이든 판단하고 행동할 처지가 되지 못했다.
          우리는 탁본을 하는 도중 오경대씨에게 아주 특별한 경험담을 들었다. 경험이라기보다는 잔인한 학살의 기억이라고 하는 편이 더 정확한 표현이겠다. 바로 4.3 당시 민간인이 민간인을 죽인 끔찍한 이야기다.
          
           6학년이 죽창으로 찔러
             
          
          
           
            
             
              
               
                
            
            
             ▲  평범한 도로인 이곳은 반세기 전 어린아이들이 알지 못하는 청년에게 돌을 던져야 했던 그 장소이다.  
            
            
             ⓒ 한톨 
             
           
          
          
            
           오경대의 구술 = ""초등학교 3학년 때인가 어렸을 때였어요. 학교를 불태웠다는, 당시에는 폭도라고 불리던 사람들이 잡혀왔습니다. 산사람, 폭도라고 했던 아들하고 그 아들의 엄마였는데, 군인이 잡아 와서 '이 사람이 이 학교(예래초등학교)를 불태웠다. 그러기 때문에 여러분 손으로 이 사람들을 처단해야 한다. 그래서 초등학교 1학년에서 5학년까지는 일렬로 쭉 서서 돌멩이 하나씩을 들어라. 6학년은 죽창을 들어라'라고 했습니다.
          
          그래서 어린이들이 그 묶어놓은 폭도라는 남자에게 돌멩이를 하나씩 던졌습니다. 다 던지고 나서 6학년은 죽창으로 찔렀습니다. 그래도 죽지 않으니까 나중에는 군인이 총을 몇 발 쏴서 죽였습니다.
          저는 그 기억이 지금도 생생합니다. 왜 어린이들에게까지 잔인한 모습을 보여야 하느냐. 지금 생각하면 참 가슴이 아픕니다. 너무도 잔인한 행동이었지만 그때 당시는 어렸기도 했고, 그전에 군인들이 동네 구장했던 분을 잡아다가 때리는 것도 몇 번 봤습니다. 군인들이 시키는 대로 하지 않으면 동네 구장도 그렇게 맞던 시절이니 살려면 시키는 대로 해야지 도리가 있습니까.
          결국 그 구장도 나중에 우리 아버님하고 예비검속이 되어 가지고 이제 돌아가셨지만 어린 마음에 나이 든 구장이 몽둥이로 맞으면서 땅바닥에 뒹구는데도 사정없이 몽둥이로 내려치는데 사람으로서 어떻게 저렇게 할 수 있나 이런 생각이 들었지요. 하지만 어떻게 할 도리가 없잖아요. 어떻게 보면 우리 입장에서 간첩인 사람들을 처단한 거잖아요.""
          어린 오경대는 그 구장에게 내려지는 구타의 형벌이 당연하다고 생각했다. 간첩, 빨갱이는 맞아도 된다고 생각했다. 정당한 처단이었다.
          오경대의 구술 = ""거꾸로 나중에 나에게 간첩 혐의가 씌어질 줄은 상상도 못 했습니다. 꿈에도 생각 못 했습니다. 여기서 나고 여기서 국방의 의무를 마치고 열심히 농촌에서 살았었는데 나에게 이러한 불행한 일이 닥칠 거라고 생각 못했는데 그것이 배우지 못한 탓이 아닌가 생각하고 있습니다.
          결국 그것은 4.3 사건과 간첩 조작의 큰 연관이라고 생각이 되죠. 아버님이 좌익 활동을 하거나 간첩 활동을 하거나 교육을 시킨 일이 없는데도 국가에서는 제주도 4.3 사건은 아버지도 연관이 되어 있지 않느냐, 그 아버지에 그 아들이라는 오명을 씌우면서 중형을 구형한 겁니다.""
          어린 아이들을 학살의 공범으로 만들고, 모두 학살의 책임에서 벗어날 수 없게 한 것이 대한민국의 작은 섬 제주에서 일어난 역사의 한 부분이었다. 살기 위해 이유 없는 학살에 가담해야 했던, 법과 이성이라는 사회 구조는 이미 그 기능을 상실하고 파괴된 혼란의 시대였다.
          어린 오경대 역시 죽지 않고 살려고 돌을 들었다. 군인들이 불령선인이니 간첩이니 하며 잡아 와 묶어놓은 어느 청년을 향해 돌을 던졌다. 그가 정말 폭도인지, 산사람인지, 어떤 사연으로 억울하게 잡혀 온 청년인지 그는 알지 못했고, 지금도 알지 못한다. 그러나 그는 돌을 던졌다. 죽지 않고 살기 위해서라면 돌을 던져야 했다.
          그랬던 그가 수십 년 후에 간첩이라며 돌멩이를 맞는 신세가 되어 버렸다. 그는 간첩이 아니었으나 간첩이 되었고, 신문에 간첩이라며 대서특필된 그에 대해 국가와 국민, 주변 사람들은 실체적 진실을 확인하려 하지 않았다. 의심은 곧 간첩을 두둔하는 것이고 두둔은 곧 자신이 간첩이 될 수 있다는 것이기에 의심 없이 간첩으로 취급하였다. 간첩이 되고 난 뒤 그는 더욱더 그날 돌멩이를 맞으며 죽어갔던 그 청년이 떠올랐다.
          그는 청년이 죽어갔던 그 자리를 찾았다. 이제는 그저 아스팔트가 덮인 도로가 된 그 자리에서 멈춰선 그는 돌멩이와 흙 때문에 탁본이 제대로 되지 않는 그 자리를 탁본하려 했다. 어떤 모양인지 알아보기 어려울 정도로 선명하지 않은 탁본이었지만 그는 정성을 다해 조심조심 탁본했다. 그에게 그 탁본은 예쁘거나 선명하게 드러나는 것이 중요한 것이 아니었다.
          그는 탁본하는 동안 그 청년이 쓰러져가던 그 바닥을 정성 들여 세심하게 만지고 문지르고 어루만졌다. 마치 그날 쓰러진 청년의 주검을 기억하고 어루만지며 또 다른 용서와 화해, 해원을 하는 듯했다. 탁본하는 동안 그날의 기억이 좀 더 선명하게 되살아나는 듯했다.
          
           그날 그 청년
             
          
          
           
            
             
              
               
                
            
            
             ▲  폭로라는 이름으로 처형당한 모자의 사망장소를 찾아가는 오경대 씨.  
            
            
             ⓒ 한톨 
             
           
          
          
            
           오경대의 구술 = ""이 밭인지 저 밭인지... 나는 이 밭으로 생각하고 있어. 이 길도 있었고, 이리로 가 가지고 엄마는 저 아래 개천인가 어딘가 가서 죽이고 여기서는 아들이 죽고. 남자는 학생들이 죽이고, 엄마는 저기서 부녀회가 죽였어. 여자들은 여자가 죽이라고 해가지고.
          
          그니까 사람을 이렇게 묶어놓고 1학년에서 5학년까지는 돌멩이를 하나씩 들라. 그래서 지나가면서 맞추는 거야. 얼굴인지 어딘지 그냥 막 던지지. 던지고 나면 6학년이 죽창으로 찌르는 거야. 그러니까 피가 싹 쏟아질 거 아니야? 그러니까 사람이 이렇게 컸던 사람이 이렇게 작아져. 그래도 꿈틀꿈틀하니까 총으로 쏴 버린 거지.
          그날 모인 학생들이 한 백 명 됐을까. 그냥 학교 불태운 놈이니까 너희들이 죽이라고 총 들고 있는 군인들이 그렇게 시키니까 어떻게 안 할 수가 있어. 이제 그날 그 사건을 아는 (동네) 사람이 전부 돌아가시고 몇 명 안 남았어요. 동년배들은 다... 그런데 얘길 안 해. 그걸 모르는 사람이 어딨어. 정말 기가 막힌 거예요. 총 한 방 쏘면 되는데 어린애들보고 시켰다는 그거가.""
          그 모자는 정말 절차 없이 죽을 만한 죄를 지었을까? 그 모자는 정말 산사람, 폭도, 좌익, 빨갱이였을까? 그날 그 장소에서 돌과 죽창을 들었던 아이들은 지금 성인이 되어 여전히 이곳을 기억하며 매일 이 길을 지나고 있을 것이다. 매일 같이 이 길을 지나면 매일같이 그날의 악몽이 떠오르지 않을까. 오경대는 어떻게 그날을 안고 살아갈까? 너무도 궁금했다. 탁본을 마치고 돌아서는 오경대씨에게 물었다. 그렇게 끔찍했던 일이 일어났던 이 길을 매일같이 다닐 텐데 힘들거나 괴롭지 않으냐고. 어떻게 이 길을 지날 수 있느냐고.
          오경대의 구술 = ""잊어버리고 살았지... 그러지 않으면 못살아...""
          
           잊어버리고 산다는 그 말이 진심처럼 들리지 않았다. 아니, 오히려 잊고 살고 싶지만 잊을 수 없어 괴로워하는 절규로 들려왔다. 그는 잊었다고 하지만 억울하게 간첩으로 조작되었던 자신과 그날의 청년이 겹쳐 보인다는 것처럼 단 한시도 그날의 일을 잊을 수 없는 것이다. 그는 잊고 싶고, 잊기 위해 그곳을 다시 찾았다. 탁본을 하고 돌아가는 그가 그날의 청년에게서 조금은 위로받고 마음의 짐을 덜었기를 바란다. 그것이 탁본하는 우리의 마음이기도 하다.
            
          
          
           이념이 그은 삶과 죽음의 경계선은 학설 터에만 있지 않았습니다. 한꺼번에 가족을 잃고도 '폭도의 가족'이란 말을 듣지 않기 위해 숨죽이며 살아야 했습니다. 제주는 살아남기 위해 기억을 지워야만 하는 섬이 되었습니다. 그런 말 못할 세월 동안 제주도민들의 마음속에 진실은 사라지지 않았습니다. 더 이상 4.3의 진상규명과 명예 회복이 중단되거나 후퇴하는 일은 없을 것입니다. 국가권력이 가한 폭력의 진상을 제대로 밝혀 희생된 분들의 억울함을 풀고 명예를 회복하도록 하겠습니다.
           - 2018년 4월 3일 문재인 대통령 추념사
          
          
            
           문재인 대통령의 추념사처럼 제주에서의 4.3은 학살 터에만 그치지 않았다. '폭도의 가족'은 다시 빨갱이의 자식이 되었고, 그 자식은 다시 빨갱이, 간첩이 되었다. 노무현 대통령과 문재인 대통령은 더 이상 진상규명, 명예회복이 후퇴하는 일은 없을 거라고 했다. 대통령의 4.3 진상규명은 현재형이다.
          
          4.3때 학살을 피해 도망갔던 사람들, 남한에 원한을 가졌던 그들, 공산주의가 좋아서가 아니라 가족과 친족을 학살했던 이승만을 증오했던 그들, 먹고 살기 위해 밀항했던 제주인들, 이것이 제주 조작간첩의 특징이다.
          
        "
20210123,50대,남성,2,조선일보,https://v.daum.net/v/20210123163750704,"[단독] 4500억짜리 최신예 잠수함, 동해상에서 기능고장으로 예인"," 
         
          
           
           
            군이 보유한 최신예 214급(손원일급, 1800t) 잠수함의 모습./조선일보DB
           
          
          해군이 운용 중인 최신예 214급(손원일급·1800t) 잠수함 1척이 동해상에서 활동 중 기능 고장으로 철수한 것으로 23일 확인됐다. 해군 등에 따르면, 214급 잠수함이 22일 저녁 포항 앞바다에서 기능에 문제가 생겼다. 해당 잠수함은 예인선에 끌려 23일 새벽 인근 기지에 복귀, 정비를 받고 있는 것으로 알려졌다. 잠수함이 작전이나 정비 등 임무 수행 중 기능 문제로 예인되는 경우는 이례적이다.
          해군 관계자는 “잠항 중 기능 고장이 생긴 것은 아니다”며 “수면으로 부상한 후 기능에 문제가 생겼고, 승조원 안전 등을 고려해 예인 조치했다”고 말했다. 해군은 “정식 작전 등을 하던 상황은 아니었다”고도 밝혔다. 해당 잠수함은 오는 5월까지 정비 중이고, 정비 도중 시운전에 나섰던 것으로 알려졌다. 서욱 국방부 장관도 22일 저녁에 관련 보고를 받은 것으로 전해졌다.
          214급 잠수함은 2000년부터 독일 기술을 도입, 현대중공업과 대우조선해양이 총 9척을 건조해 운용 중이다. 1척 가격은 4500억원가량으로 알려졌다. 공기 없이도 추진할 수 있는 장치인 공기불요장치(AIP)를 탑재, 연료 재충전 없이 한반도에서 하와이까지도 왕복이 가능하다고 한다. 한번 출항하면 84일 간 해상에서 작전을 수행할 수 있으며, 수면으로 부상하지 않고도 약 2주간 잠항 작전이 가능하다. 209급 장보고급 잠수함보다 작전 반경이 3~4배 넓은 것으로 평가된다.
          그러나 214급 잠수함은 취역 이후 각종 기능 고장이 잇따라 논란을 빚기도 했다. 2011년 5월엔 갑판을 고정하는 볼트가 부러지고 풀리는 등 문제로 운행에 차질을 빚었다. 독일 설계사에서 제시한 것보다 낮은 강도의 볼트를 쓴 것이 문제였다. 2013년엔 소음 문제로 잠수함을 해체하는 일도 있었다.
          2014년 국회 국정감사에선 연료 전지 성능이 부족하다는 지적도 제기됐다. 2015년엔 전직 함장 등 예비역 장교들이 잠수함 평가 등과 관련한 군납 비리에 연루돼 검찰 압수수색을 받거나 구속되는 사건도 발생했다. 같은 해엔 잠수함 프로펠러에서 151개 균열이 발생하기도 했다. 독일제 프로펠러는 문제가 없었던 반면, 국산 제품에서 문제가 나타났던 것이다. 최근까지도 214급 잠수함 여러 척이 각종 문제로 수차례 정비를 받아온 것으로 알려졌다.
          
        "
20210123,50대,남성,3,오마이뉴스,https://v.daum.net/v/20210123110600779,"""저는 죽은 것 같아요"" 대통령에게 공개서한 보낸 대학생"," 
         
          [목수정 기자]
          2020년은 1945년 이후 프랑스에서 가장 적은 수의 아이가 태어난 해였다.
          3-5월과 11월, 두 차례에 걸친 이동통제령이 사람들을 집안에 가두어, 더 많은 아이가 생겨나게 되지 않을까 하는 예측도 있었으나 결과는 정반대였다. 젊은이들은 미래를 예측할 수 없는 세상에서 자손 낳기를 주저했다. 지난 한 해, 74만 명의 아이가 태어났다. 전 해에 비하면 1만 3천 명이 줄어든 숫자이며, 10년 전과 비교하면 약 8만 8천명이 줄었다. 출산율은 1.84를 기록, 전년 대비 0.2 떨어졌다.
          출산율 1.84
          1993년 1.73의 출산율(74만 800명)로 최저점을 찍은 후 프랑스는 줄곧 출산율 상승세를 보이며, 2006-2014년엔 출산율 2를 넘어서는 유럽 내 출산대국으로 자리매김 해왔다. 여전히 유럽에 가장 높은 수준의 출산율을 기록하고 있지만, 6년 전부터 꾸준히 하락세를 보여 왔던 것도 사실이다. 출산율의 점진적 하락세는 유럽전역에서 공통적으로 목격되는 추세이기도 하다.
          최근의 하락 추세 외에도 코로나19라는 초유의 역병이 출산율 하락에 영향을 미쳤다. 당장, 지난 한 해 이뤄진 결혼식 수는 34% 감소했다. 총 14만 8천 커플이 결혼식을 올렸고, 이 가운데 4천 건은 동성 커플의 결혼이었다. 완만한 하강곡선을 그려오던 결혼과 달리 주례나 증인을 필요로 하지 않는 간소한 절차인 시민연대계약(PACS)을 한 커플은 지난 20년간 수치가 지속적으로 상승해왔고, 2020년 숫자는 아직 집계되지 않았으나 결혼식 건수를 넘어설 것으로 예측된다.
          
            
          
          
           
            
             
              
               
                
            
            
             ▲  프랑스의 연간 출생아 그래프  
            
            
             ⓒ INSEE (통계청) 
             
           
          
          
            
           비혼 커플에게서 태어나는 아이들의 숫자가 절반이 넘는 프랑스 풍토상, 결혼식 여부 자체가 자녀 출산을 방해하는 요소가 되지는 않는다. 그러나, 줄어든 결혼식에서 보이는 것처럼 상대적으로 적은 수가 가정을 꾸릴 계획을 세웠으리란 점은 짐작 가능한 일이다. 젊은이들은 시계 제로 속의 코로나 정국에서 자녀를 낳아 기르는 계획은커녕 당장 학업과 삶의 의미 찾기 자체를 단념하고, 길을 잃고 있다.
          
          청년 30% 우울한 상태 
          프랑스공공의료연구소(Santé Publique France)가 실시한 최근 연구(2020.12.18 발표)에 따르면, 지난해 9월부터 2차 이동통제령이 실시된 11월 사이, 우울한 상태에 있다고 답한 프랑스인은 9월 11%에서 23%로 늘었다. 특히 18-25세 청년들 중 30%, 25-34세 청년들 중 25%가 우울증 상태다. 학교에 등교해 한 반 15명씩 앉아 수업을 이어온 청소년 층에 비해 전면 비대면으로 수업을 받은 대학생들의 우울과 무기력은 심각한 단계에 이르렀다.
          
           특히 2주 전 2명의 대학생 자살 소식은 그들의 몸을 일으켜 세우는 역할을 했다. 극단적 선택을 한 학생들의 모습에서 자신들의 모습을 본 듯했다. 지난 20일에는 전국의 대학들이 소재하는 주요 도시(파리, 릴, 툴루즈, 렌, 리옹, 스트라스부르, 그르노블 등)에서 일제히 학생시위가 열렸다.
            
          
          
           
            
             
              
               
                
            
            
             ▲  2021년 1월 21일 프랑스 전역에서 대면 수업 재개를 요구하는 대학생들의 시위가 일어났다. 파리 시내를 행진하는 대학생들.  
            
            
             ⓒ RT France 화면 캡처 
             
           
          
          
            
           전국대학생연합(UNEF)을 비롯 각 정당의 대학생 조직들이 빠짐없이 깃발을 들고 참여한 이날 집회에서 그들이 주장한 것은 두 가지였다. 첫째는 대학은 문을 활짝 열라, 교수와 교우들을 직접 만나 수업하겠다는 것이었고, 두 번째는 우울증과 열악한 생존 조건으로부터 청년들을 구하라는 것이다.
          
          ""저에겐 더 이상 꿈이 없습니다""
          이날 집회에 참석한 스트라스부르 대학 2학년 알리스는 ""인터넷으로 진행되는 수업만 듣다 보니, 텅 비어 있다고 느낀다""고 자신의 감정을 설명했다. 그는 자신이 미래에 일하고자 하는 항공분야가 보건 위기 속에서 심한 타격을 받은 현실을 목격하며 길을 잃었다면서 대학생들은 정부에 의해 방치되고 잊힌 존재처럼 느껴진다고도 했다.
          또 다른 참석자 조에는 더 이상 원거리 수업을 지속적으로 따라갈 동기를 느끼지 못한다며, 학업의 의미 자체가 점점 희미해져 간다고 고백했다.
          ""나는 대학에 와서 내 생각을 다른 사람들과 만나 부딪히며 건설해 나가기를 바랐다. 그러나 지금 우리는 모든 도구를 빼앗겼다. 우리는 미래를 전망할 수도 없고, 방안에 고립돼 죽음에 대해 생각하게 된다. 이런 내 상태를 자각하며, 급히 정신 상담을 받으러 갔다.""
          학생들과 함께 집회에 참석한 교수 니콜라 뿔랑은 ""점점 더 많은 학생들이 내면의 세계에 갇히고 있고, 고민을 털어놓는 학생들의 메일을 팬데믹 초기보다 연말에 더 많이 받고 있다""라며 ""지난 시험에서 여러 학생이 백지를 제출했고, 그 중엔 뛰어난 학생들도 있었다""고 말한다. 그는 교수들은 심리학자나 사회복지사가 아니므로, 그들을 도울 방법을 잘 알지 못한다고 덧붙였다.
          
           1년이 지나도록 아무것도 달라지지 않은 상황에서 청년들은 세상을 향해 구조 요청 신호를 보내고 있다.
            
          
          
           ""대통령님, 저는 19살입니다. 저는 제가 죽은 것 같다고 느낍니다. 저는 공부를 해야 할 나이입니다. 이것이 세상이 우리에게 요구하는 모든 것입니다. 세상이 우리에게 허락해주는 유일한 것이기도 합니다. 저는 19살이고, 제 책상과 제 방을 가지고 있습니다. 그곳은 저의 휴식 공간이기도 하며, 전화하고, 영화 보며, 요리도 하는 공간입니다. 모든 것이 제 머릿속에서 혼란스럽게 엉킵니다. 수업은 제 방에서 이뤄지고, 제 방이 바로 제 교실입니다. 문제는, 저에게 더 이상 꿈이 없다는 겁니다. 모든 저의 프로젝트들은 하나둘 사라져 가고 있습니다.""
          
          
            
          
          
           
            
             
              
               
                
            
            
             ▲  2021년 한 여대생(스트라스부르 시앙스포, 하이디 수폴트)이 대통령에게 보낸 공개편지.  
            
            
             ⓒ 자료사진 
             
           
          
          
            
           실존적 위기에 처한 자신의 모습을 절절히 담은 대학생(스트라스부르 시앙스포, 하이디 수폴트)이 1월 12일, 페이스북과 학교신문을 통해 마크롱 대통령에게 보낸 공개 서한의 한 대목이다. 마크롱 대통령은 이에 대해 15일 ""청년의 분노를 이해한다. 정부가 애쓰고 있으니, 조금만 더 노력하자"" 라는 취지의 답변을 보냈다.
          
          이어, 학생들의 집회가 열린 다음날인 21일, 마크롱은 청년들의 절규에 대해 몇 가지 대안을 급히 내놓았다. 1유로로 하루 두 끼를 먹을 수 있는 구내식당 쿠폰, 1주일에 적어도 하루는 학교에서 진행하는 대면수업 참가, 심리적 문제가 생겼을 때 사용할 수 있는 심리상담 수표 발행 등이 그것이다.
          ""없는 것보다야 낫겠지만 그것으로 유령이 되어버린 우리 세대를 달랠 순 없을 거예요… 내 친구들 대부분은 집회에도 나오지 않았어요. 걔들은 더 이상 아무것도 믿지 않게 된 거죠. 마크롱이나 카스텍스(총리)가 제시하는 그 사이비 조치로 우리가 다시 살아있다 느끼게 하긴 힘들 거예요.""
          
           리옹 2대학에 다니는 메디의 평이다.
            
          
          
           
            
             
              
               
                
            
            
             ▲  마크롱 프랑스 대통령이 21일(현지시간) 파리 서쪽 오르세에 있는 파리 사클레 대학의 나노과학 및 나노테크놀로지 센터를 찾아 대학생들과 대화하고 있다.  
            
            
             ⓒ 연합뉴스 
             
           
          
          
           집회를 마치고 강당에 모여 가진 총회에서 다수의 학생들은 ""작금의 위기는 보건위기이기 보다, 민주적 방식을 상실한 정치적 위기""라는데 뜻을 모았다. 적어도 그들에게 정부가 유일한 출구로 제시하고 있는 백신은 현실의 문제를 타개할 대안도, 해법도 되지 못하는 듯하다.
          
          ""학생들은 아직 살아있다. 그러나 언제까지 우리가 살아있을까?""
          스트라스부르에서 열린 집회에서 학생들이 들고 있던 현수막의 내용이다.
          
        "
20210123,50대,남성,4,매일경제,https://v.daum.net/v/20210123095400898,"[단독] 인터파크, 70분만에 '100억' 잭팟..억눌린 여행수요 또 터졌다"," 
         
          
           
           
            베트남 다낭의 대표 여행포인트인 골든 브릿지. [사진 = 인터파크투어]
           
          
          
            '1분당 1억4500만원 매출'
          
          코로나19 폭격을 뚫고 억눌린 여행수요가 또 폭발했다. 작년 2월부터 시작된 코로나 시대 이후 첫 홈쇼핑 판매 도전에 나선 인터파크투어가 방송 러닝타임 70분간 '예상 매출액' 100억원을 찍는 잭팟을 터뜨렸다.
          23일 관련업계에 따르면 인터파크투어는 지난 22일 밤 11시30분 부터 70분간 진행된 롯데홈쇼핑 여행상품 판매 방송에서 20만원대의 파격 조건을 내건 베트남 노보텔 3박 숙박 상품으로만 15억의 매출 실적을 달성한 것으로 확인됐다.
          순수 숙박을 통한 실적만 계산한 것으로, 항공을 포함 부대 비용까지 합산한 기타 비용을 추가하면 총 예상매출액은 100억원 이상에 달한다.
          단순 계산하면 1분당 무려 1억4500만원에 달하는 매출 실적을 거둔 셈이다.
          특히 송출 예상인원은 상상을 초월한다. 코로나 직후 첫 정상영업에 나서며 여행상품을 판매했던 참좋은 여행의 경우, 정상 영업 첫 날 6000여명의 여행족이 몰렸는데, 인터파크투어는 단 70분간 방송으로 송출 여행 인원 1만5000명을 예상하고 있다. 특히 가족들까지 포함될 경우 여행 예상인원은 2만명을 넘어설 것으로 관측된다.
          방송 타이틀 '다시, 설렘'으로 시작된 이날 홈쇼핑에는 베트남 다낭, 푸꾸옥 5성급 노보텔(호텔형 및 리조트형, 노보텔 다낭 프리미어 한 리버, 노보텔 푸꾸옥 리조트) 3박 숙박 상품이 선을 보였는데 3박에 28만9000원, 옵션 포함 1박 기준 9만원대로 업계 최저가(최저가 보장) 조건이 내걸렸다. 해당 여행상품은 공식적으로 해외여행 가능한 시점(양국 간 자가격리 해체 후)부터 1년간 이용 가능하다.
          특히 방송 후 한달내 100% 환불과 함께 코로나 19 확산으로 여행이 취소될 경우 국내 호텔(JK블라썸호텔, 골든튤립해운대호텔&스위트, 비스타케이호텔 월드컵 등) 숙박으로 변경이 가능하고 타인 양도까지 되는 파격 조건이 보장되면서 방송 초반부터 주문 콜도 폭주했다.
          코로나로 억눌린 여행 보복 심리까지 더해지면서 피크 타임에는 10분씩 주문 콜이 지연되기도 했고 여행상품으로는 전례가 없이 '레드사인(주문 콜 폭주 비상신호)'이 켜지기도 했다.
          박선미 인터파크투어 홍보팀 대리는 ""코로나 이후 홈쇼핑에 여행상품이 등장한 것도 처음이지만, 레드사인이 켜진 것도 전례가 없는 일""이라며 ""코로나19 시기임을 감안해 조심스럽게 다양한 채널을 통해 안전한 여행상품을 선보일 계획이다""고 말했다.
          [신익수 여행전문기자]
          
        "
20210123,50대,남성,5,이데일리,https://v.daum.net/v/20210123151156788,"버스 문에 롱패딩 끼어 사망..""버스기사 난폭운전 막아달라"""," 
         
           [이데일리 장구슬 기자] 시내버스에서 하차하던 승객의 겉옷이 버스 뒷문에 끼어 해당 승객이 그 자리에서 숨지는 사고가 발생한 가운데 “버스 기사의 난폭 운전을 막아달라”는 청와대 국민청원이 등장했다.
          
           
           
            버스기사의 난폭 운전을 막아달라는 청와대 국민청원이 등장했다. (사진=국민청원 홈페이지 캡처)
           
          
          
           지난 21일 한 청원인은 청와대 국민청원 게시판에 “버스기사들의 난폭운전을 막아주세요”라는 제목의 청원글을 올렸다.
          
          청원인은 지난해 12월 경남 진주에서 한 여고생이 버스에 탑승한 후 급출발과 함께 타 차량의 칼 치기로 인해 전신마비가 된 사건, 퇴근길 버스에서 내리던 여성 승객의 롱패딩이 옷자락이 뒷문에 끼어 사망한 사건 등을 언급했다.
          그는 “버스에 탄 승객이 손잡이를 잡고, 의자에 앉을 때까지 출발하지 않는 것, 승객들이 하차할 시에 문이 열림과 동시에 닫는 버튼을 누르지 않는 것. 적어도 이 두 가지 교통법안만 제정돼 시행된다면 현재보다 버스 사고가 훨씬 더 줄어 드리라 생각한다”고 말했다.
          그러면서 “급출발하지 않기, 정차 후 하차, 하차한 승객 확인 후 출발. 세 가지 버스 문화로 더 이상의 안타까운 피해자가 나오지 않길 바란다”고 덧붙였다.
          해당 청원 글엔 23일 오후 2시30분 기준 9000여 명이 넘는 사람들이 동의했다.
          한편 지난 19일 오후 8시30분께 경기 파주시 법원읍의 한 초등학교 인근 도로에서 20대 여성 A씨가 시내버스에서 하차하던 중 뒷문에 롱패딩이 끼어 그 자리에서 숨지는 사고가 발생했다.
          목격자 등에 따르면 버스기사는 A씨의 옷이 끼인 사실을 모르고 그대로 출발했고, A씨가 끌려가 넘어지면서 사고가 났다. 구조대원들이 출동했을 당시 A씨는 크게 다쳐 이미 현장에서 숨진 상태로 알려졌다.
          이 사건과 관련 경찰 관계자는 버스기사 과실 등 정확한 사고경위를 인근 폐쇄회로(CC) TV 확인 등을 통해 조사 중이다.
          장구슬 (guseul@edaily.co.kr) 
          
        "
